date,actual,ARIMA,RandomForest,GradientBoosting,country
2025-12-07,34.333829,35.2152640599938,34.44753954786434,34.20659857551026,China
2025-12-08,35.32358,35.09045324819212,34.83889650739196,34.97946948478058,China
2025-12-09,35.716848,34.9859958198948,35.21334945340531,35.60793476121371,China
2025-12-10,35.839055,34.8985726698569,35.56946893308182,35.81269529964779,China
2025-12-11,35.967194,34.82540595220811,36.009882875352574,35.98742922984499,China
2025-12-12,37.795607,34.764170815185736,36.00659090038641,36.461956543735575,China
2025-12-13,38.81823,34.71292152962741,37.4912375927397,37.15243077696942,China
2025-12-14,37.073771,34.67002966397715,38.31775527427378,38.349965335203706,China
2025-12-15,37.079908,34.63413234133318,37.23412159398219,38.20120655534598,China
2025-12-16,37.947677999999996,34.604088934419785,37.23322550029806,38.07086331200905,China
2025-12-17,37.004812,34.57894482247819,38.493989798499044,38.62930886360807,China
2025-12-18,34.917462,34.55790105846188,37.244087805626826,37.18074471248215,China
2025-12-19,33.352777,34.540288982720135,34.18461016296214,34.60070925152337,China
2025-12-20,34.551677,34.525548976526736,33.17431882208122,34.10394816034131,China
2025-12-21,36.057314,34.51321268035316,34.41014620990749,34.236798588732206,China
2025-12-22,36.493537,34.502888111877056,36.478845168455834,36.71430582423658,China
2025-12-23,36.568107,34.49424721085473,36.938429865058936,37.04062857795352,China
2025-12-24,38.151563,34.48701541509975,36.74512002860151,37.17147525844318,China
2025-12-25,37.941214,34.48096293634705,38.717944420567434,38.4771361395085,China
2025-12-26,38.893059,34.47589745879582,37.882745257649105,38.011456977177396,China
2025-12-27,37.787075,34.47165802832934,38.47318578154608,37.912180404014634,China
2025-12-28,35.543997,34.46810993824337,37.27443509655229,37.29954019139601,China
2025-12-29,35.860803,34.46514044897881,35.62316836297424,35.91523590674767,China
2025-12-30,36.844628,34.46265520585399,36.62675643823579,36.55702033755295,China
2025-12-31,36.750826,34.46057524097142,36.96544212536415,37.06598288106361,China
2026-01-01,36.368338,34.45883446403515,36.71325334370058,36.03948757473938,China
2026-01-02,36.785978,34.457377562350295,37.07270604620677,36.61428112468094,China
2026-01-03,38.144687000000005,34.45615824327781,36.36775276134474,36.02223150727031,China
2026-01-04,39.102751,34.45513776329898,38.36878046799761,37.45190353558295,China
2026-01-05,38.0684,34.454283696951045,38.65772210758419,38.06175313569784,China
2026-01-06,36.974352,34.453568906517326,38.50239898097385,37.9501254869925,China
2026-01-07,36.753665,34.45297067973392,37.11566815792687,36.657996668823046,China
2026-01-08,36.931205999999996,34.45247000811397,37.253013789987925,36.608526555157106,China
2026-01-09,35.549098,34.45205098295832,36.94342085280502,36.607495347704145,China
2026-01-10,35.378216,34.45170028986115,35.299400685484876,34.77580264617484,China
2026-01-11,36.236409,34.45140678564847,35.17524102987754,34.76883851117992,China
2026-01-12,35.882705,34.45116114430692,36.66434247056312,36.14900488801936,China
2026-01-13,35.952162,34.45095556065234,36.083985866101116,35.93955177714937,China
2026-01-14,35.712973,34.45078350232223,36.22022810529179,36.08469495261264,China
2026-01-15,35.373439,34.45063950221182,35.272520903042256,35.187166360825664,China
2026-01-16,36.513057,34.45051898475832,35.01016918714007,35.076483921304444,China
2026-01-17,36.573261,34.450418120553714,35.97149203106906,35.723854278875905,China
2026-01-18,37.029889,34.450333704666434,35.69551993650239,35.880694389026296,China
2026-01-19,38.808027,34.45026305480554,37.089532408215284,36.389611988623074,China
2026-01-20,40.951353,34.45020392609167,38.77461340109056,38.42843871182615,China
2026-01-21,41.491468999999995,34.45015443972666,39.56221084750002,39.35653457656475,China
2026-01-22,40.954088,34.450113023295266,39.59294930616668,39.39944908266183,China
2026-01-23,40.028767,34.45007836080209,39.54385242266669,39.41492623955491,China
2026-01-24,38.565873,34.450049350856204,39.17631549766668,38.6993992750247,China
2026-01-25,38.331651,34.450025071674794,38.19801108072915,37.696908407167975,China
2026-01-26,38.660876,34.45000475179373,37.86842460507617,38.24647442954104,China
2026-01-27,38.840276,34.44998774555454,38.0844578376467,37.23862495890472,China
2026-01-28,38.983143999999996,34.44997351258878,38.25981127480087,37.200505123312595,China
2026-01-29,38.406317,34.44996160064798,38.05459541245506,37.41335598578301,China
2026-01-30,39.173228,34.44995163123361,38.22026290995337,38.237208389562205,China
2026-01-31,38.015588,34.44994328757033,38.75822427439628,38.15867135728106,China
2026-02-01,41.834933,34.44993630454061,37.79497923056958,38.11185386429613,China
2026-02-02,40.448183,34.449930460260646,39.62960623300003,39.71037029875421,China
2026-02-03,38.514541,34.4499255690301,39.72341622000003,39.6508368035477,China
2026-02-04,38.30932,34.4499214754315,38.01982551980535,38.28070011104386,China
2026-02-05,38.880908,34.44991804939192,38.06735545242288,38.00407112036528,China
2026-02-06,39.636456,34.44991518204991,38.21190212515999,37.72702208540774,China
2026-02-07,39.616007,34.44991278229649,38.87716668178055,38.144365103005065,China
2026-02-08,38.353117,34.44991077388017,39.1419241767292,36.85594739251214,China
2026-02-09,37.415035,34.44990909298409,38.30601371456125,37.881640365042884,China
2026-02-10,36.322448,34.449907686198266,37.734181615539136,38.246896301576705,China
2026-02-11,34.402288,34.449906508822465,38.55903464118964,37.19978015125863,China
2026-02-12,31.639131,34.449905523445906,33.061176662519216,34.118135732539876,China
2026-02-13,29.701280999999998,34.44990469875852,31.261366912399044,29.67402808044161,China
2026-02-14,27.113053999999998,34.44990400855612,28.71302695359462,26.429215309715456,China
2026-02-15,27.654037,34.449903430907696,25.91861104233333,25.49494092140003,China
2026-02-16,29.725962,34.44990294745865,25.92733140199999,26.191673032917492,China
2026-02-17,28.927426,34.44990254284751,29.17244349872627,28.23657141941483,China
2026-02-18,27.546451,34.44990220421788,30.0264567980578,29.44680195942535,China
2026-02-19,26.729657999999997,34.44990192080989,28.375243139,28.849432596577316,China
2026-02-20,25.112275,34.44990168361835,27.849446280000006,28.166561404835235,China
2026-02-21,24.15275,34.44990148510655,27.678842241000012,29.815462122735703,China
2026-02-22,26.553485000000002,34.449901318966845,27.448392616,28.376190918289712,China
2026-02-23,28.204584999999998,34.44990117992018,27.451442696000004,26.841386694925063,China
2026-02-24,29.748141999999998,34.4499010635484,29.263433489047625,28.767236876104626,China
2026-02-25,29.548190999999996,34.44990096615382,31.21729078360564,29.59157472518248,China
2026-02-26,33.215494,34.44990088464175,31.06029481137648,31.02142186013821,China
2026-02-27,33.909392000000004,34.449900816422165,33.355320008466684,33.78916504258098,China
2026-02-28,33.571672,34.44990075932741,34.59734622318261,35.50760634671874,China
2026-03-01,35.24745,34.44990071154333,34.579660078616655,34.39060986249391,China
2026-03-02,35.808315,34.449900671551575,35.211512446166665,36.272628790705376,China
2026-03-03,35.809407,34.44990063808143,35.96358866792461,36.72493246125895,China
2026-03-04,36.82658,34.4499006100694,35.903036307702386,35.90428303408726,China
2026-03-05,37.393608,34.4499005866254,36.76277811910713,36.03981363033663,China
2026-03-06,36.204575,34.4499005670045,37.35475936218636,37.551804123396934,China
2026-03-07,35.070724,34.44990055058326,36.04243394301239,35.213310574326776,China
2026-03-08,35.823349,34.44990053683989,34.903771516208906,35.24489727890209,China
2026-03-09,33.611975,34.44990052533771,35.761834823316256,36.463985185494025,China
2026-03-10,32.300812,34.449900515711235,33.161490966569644,33.288376448408066,China
2026-03-11,32.442476,34.44990050765458,32.781923513135155,32.55019013851973,China
2026-03-12,31.993973,34.44990050091176,32.78334106911785,32.609244755819134,China
2026-03-13,33.131347999999996,34.449900495268515,31.73428435199039,31.7813038846173,China
2026-03-14,34.553977,34.44990049054554,32.541563011786145,32.81001083748071,China
2026-03-15,34.725782,34.44990048659275,34.22777521948485,33.87158188295557,China
2026-03-16,34.447315,34.449900483284566,34.39793554017252,34.65247848331137,China
2026-03-17,33.662554,34.44990048051586,34.21840135868664,33.785555863367414,China
2026-03-18,33.731322,34.44990047819865,33.363472804336084,33.40755785219957,China
2026-03-19,33.358212,34.44990047625932,33.345167176072295,33.167341293268365,China
2026-03-20,33.379509,34.449900474636244,33.299767205074275,32.86664212240445,China
2026-03-21,32.307699,34.44990047327785,33.305397503963555,33.80817183810456,China
2026-03-22,32.769076999999996,34.449900472140975,32.96069448873731,32.619042515618425,China
2026-03-23,34.213395,34.449900471189494,33.31352699854781,33.31165681537069,China
2026-03-24,32.857388,34.449900470393175,34.070250634445635,34.26073935325178,China
2026-03-25,31.326405,34.449900469726714,32.77931018953497,32.47835840637651,China
2026-03-26,31.662245,34.44990046916894,31.26530051419437,31.404756617030984,China
2026-03-27,31.473019999999998,34.44990046870212,31.432681317083006,30.995990077926276,China
2026-03-28,31.001189,34.44990046831143,30.995819826040183,31.029480105052276,China
2026-03-29,31.537906,34.44990046798444,30.952624201475924,30.796756542795162,China
2026-03-30,31.803276,34.44990046771078,31.449754990366003,31.454994274320143,China
2026-03-31,30.965054,34.449900467481754,31.61930660474867,32.00840648770441,China
2026-04-01,31.182578,34.44990046729007,30.433867505326536,31.03896525942836,China
2026-04-02,30.702921,34.449900467129645,30.57609414505363,31.092940981294777,China
2026-04-03,30.309817,34.44990046699538,30.612104738792826,30.948233958385998,China
2026-04-04,29.539448,34.449900466883015,30.42698037330376,30.151279082313224,China
2026-04-05,26.821892000000002,34.44990046678897,29.898546060629936,30.009514904657816,China
2026-04-06,29.158361,34.44990046671026,27.41625975599999,27.27912232534483,China
2026-04-07,29.928784,34.44990046664439,30.33592909532396,30.829821597148758,China
2026-04-08,29.294874,34.449900466589256,30.284733763194073,30.13086269806362,China
2026-04-09,32.656959,34.44990046654311,30.23695637828097,30.115198006235897,China
2026-04-10,31.24235,34.449900466504495,32.09579706198547,32.44757421805089,China
2026-04-11,30.785648,34.44990046647218,31.151371862977804,31.31100125834527,China
2026-04-12,30.65524,34.44990046644513,30.42132385149768,30.876160644912964,China
2026-04-13,32.447618999999996,34.44990046642249,30.47805364944305,30.376255524865957,China
2026-04-14,33.016501999999996,34.44990046640355,31.83874153494708,31.577852448722048,China
2026-04-15,31.100082,34.44990046638769,32.45195781813152,32.73214961252263,China
2026-04-16,32.164232,34.449900466374416,31.05891527346084,30.81490104000182,China
2026-04-17,30.082031,34.44990046636331,31.853493635536637,31.519912660392233,China
2026-04-18,28.922467,34.449900466354016,30.060453142021437,30.239731859936743,China
2026-04-19,28.575296,34.449900466346236,29.85155163717375,29.560088558248953,China
2026-04-20,30.182739,34.44990046633973,29.508009034281166,29.251084034909763,China
2026-04-21,31.915945,34.44990046633428,30.337374964107777,29.893607455358584,China
2026-04-22,32.34604,34.449900466329716,31.625546463102914,31.29368996340537,China
2026-04-23,30.882153000000002,34.4499004663259,31.89508428731685,32.29658432525739,China
2026-04-24,29.610702,34.4499004663227,30.402646943282694,30.946905551263214,China
2026-04-25,28.602966000000002,34.44990046632003,29.60851064421578,29.439753924049345,China
2026-04-26,29.314172,34.44990046631779,29.280751620889976,28.93734894851521,China
2026-04-27,30.449526,34.44990046631592,30.146495246406424,29.943510298960398,China
2026-04-28,31.124075,34.44990046631435,30.294991635019947,30.01414189037404,China
2026-04-29,30.194581000000003,34.44990046631303,30.772152293025957,30.78568324579957,China
2026-04-30,26.980434,34.44990046631194,30.33861695996141,30.260234763487723,China
2026-05-01,25.746103,34.44990046631102,27.67956298319998,27.35051583086856,China
2026-05-02,27.578913,34.449900466310254,27.441039336999992,26.543933397695557,China
2026-05-03,27.507048,34.44990046630961,28.090231666333306,27.64623141493023,China
2026-05-04,26.202767,34.44990046630907,28.173904059999977,28.157787649114706,China
2026-05-05,25.517411,34.44990046630862,27.62904920700001,27.987282105816337,China
2026-05-06,27.338507,34.44990046630824,27.704606413,27.503444835496573,China
2026-05-07,28.806715,34.44990046630793,28.22627555773331,27.542236989269277,China
2026-05-08,29.642041,34.44990046630767,30.754343408214346,30.945479131369115,China
2026-05-09,29.357433,34.44990046630745,30.796341921942144,30.123587135767224,China
2026-05-10,28.512608,34.44990046630726,30.34713015473973,30.08692744397907,China
2026-05-11,30.551405,34.449900466307106,29.414821655855118,29.879515834427902,China
2026-05-12,30.280158999999998,34.44990046630698,31.084984323056283,31.22817967242751,China
2026-05-13,31.400886,34.44990046630687,30.27131616499846,30.168568227031376,China
2026-05-14,32.172363999999995,34.44990046630678,31.178227521727877,30.984500900042143,China
2026-05-15,31.279799,34.4499004663067,31.818309266250314,31.455477172861738,China
2026-05-16,31.006769,34.44990046630664,31.0079669355187,30.85234433702615,China
2026-05-17,30.622503000000002,34.44990046630659,30.579008967681535,29.926632299374656,China
2026-05-18,31.288757,34.449900466306545,30.533588111737128,30.587991631126677,China
2026-05-19,31.721024,34.44990046630651,31.12265539484911,30.60992122751287,China
2026-05-20,30.6237099,34.44990046630648,31.69959848594785,31.541147230251926,China
2026-05-21,29.8479102,34.44990046630645,30.753188098249947,30.47647410739292,China
2026-05-22,29.375210700000004,34.44990046630643,29.851964685826566,29.856530618345953,China
2026-05-23,27.9493803,34.44990046630641,30.057603115379557,29.991171685796882,China
2026-05-24,28.3316806,34.449900466306396,28.213482093076173,28.40925934416412,China
2026-05-25,30.6060774,34.44990046630638,28.712454832957135,29.22632723839304,China
2026-05-26,31.9815712,34.44990046630637,30.481617205017393,30.73213776848455,China
2026-05-27,31.986027200000002,34.44990046630636,31.480630075921,32.02203621827135,China
2026-05-28,31.1681528,34.44990046630635,31.656180966110863,31.487995295421566,China
2026-05-29,30.8750016,34.449900466306346,30.874846938082143,31.02786254874134,China
2026-05-30,28.7491774,34.44990046630634,30.369234707759432,31.938070394422592,China
2026-05-31,27.921717300000005,34.44990046630633,29.117045554888076,30.49693732042799,China
2025-12-07,15.433698,15.263944797691755,15.390635791916672,14.979491367674832,United States
2025-12-08,15.383788,14.74434413948606,15.593728948720145,15.62649327981343,United States
2025-12-09,15.303244,14.577691240783217,15.604442099121206,13.972346961646057,United States
2025-12-10,14.867391,14.573498024724378,15.55476429316883,14.179180443727592,United States
2025-12-11,15.275311,14.608122984541454,14.754927249058607,14.70155749301378,United States
2025-12-12,15.952283999999999,14.634355657713673,15.259470507651509,14.29280275195104,United States
2025-12-13,16.053183,14.645681606425583,15.157208425214288,13.53729098129415,United States
2025-12-14,16.11724,14.648019955263095,14.949103041769833,13.513645218267396,United States
2025-12-15,17.186341,14.647166245644556,16.067217634642862,13.889055416131606,United States
2025-12-16,16.240912,14.646014039749357,16.870944973619054,17.21494935960923,United States
2025-12-17,15.01234,14.645365715192272,16.348847124437235,15.791922041406897,United States
2025-12-18,14.271115000000002,14.645152845432731,14.853369650309526,14.220152032167988,United States
2025-12-19,13.784546,14.64514401267889,14.4492870784858,14.602234312912643,United States
2025-12-20,14.823112,14.645185701190345,13.857067094211963,13.588336694275647,United States
2025-12-21,14.085017,14.6452181411164,14.754619071327388,14.439245383058076,United States
2025-12-22,14.030873,14.6452324024726,13.764447926250002,13.982903625891703,United States
2025-12-23,12.690786,14.645235480651321,14.347361470447646,14.855359676811288,United States
2025-12-24,13.11187,14.645234503377587,13.432810837180257,13.668602809275413,United States
2025-12-25,11.788281,14.645233093635005,13.603320021735021,13.276040910849044,United States
2025-12-26,9.171108,14.64523228519058,12.177620399955435,12.688693532817096,United States
2025-12-27,11.688829,14.645232013634939,12.237572182619049,11.889098577037325,United States
2025-12-28,12.260254,14.645231998157216,12.096064863904765,12.248686610792292,United States
2025-12-29,11.778243,14.645232048264592,13.220094203286292,13.24552640884416,United States
2025-12-30,14.016912,14.64523208835498,12.387729317630049,13.632118464593058,United States
2025-12-31,15.600413999999999,14.645232106299137,14.234411981080239,14.973641373018355,United States
2026-01-01,12.918729,14.64523211033655,15.06631943550001,15.111848704843254,United States
2026-01-02,14.087345000000001,14.645232109226916,13.026503923416943,13.289277542492231,United States
2026-01-03,14.284238,14.645232107503595,14.032388095212344,14.270319446987275,United States
2026-01-04,14.594425000000001,14.645232106496097,14.267132047192174,14.599132189243178,United States
2026-01-05,13.552354999999999,14.645232106150099,14.452544676786886,14.737183390645123,United States
2026-01-06,12.933292,14.645232106125274,13.399970439494798,14.094673058716506,United States
2026-01-07,11.770794,14.645232106185391,13.644397374130712,13.494674956588977,United States
2026-01-08,12.554947,14.645232106234904,12.32807480525222,12.459222882756729,United States
2026-01-09,12.548017,14.645232106257465,13.613357470919953,13.285813396452046,United States
2026-01-10,12.816174,14.645232106262743,12.299570173231007,12.758903639466531,United States
2026-01-11,12.972487000000001,14.645232106261496,12.411152936628786,12.674132945006972,United States
2026-01-12,14.227212999999999,14.64523210625939,13.541165380163063,12.60365358184479,United States
2026-01-13,13.830814,14.645232106258137,14.916763669132747,14.827227732059487,United States
2026-01-14,11.949619,14.645232106257696,13.910283146790324,14.179651724377143,United States
2026-01-15,13.454065,14.645232106257659,12.689669866325243,12.669465907198223,United States
2026-01-16,15.45178,14.645232106257732,13.614609387109569,13.855750908458853,United States
2026-01-17,14.579008000000002,14.645232106257792,14.696389812264403,15.135893403351291,United States
2026-01-18,15.181254,14.64523210625782,14.30048984868053,14.427024590565738,United States
2026-01-19,16.006764,14.645232106257827,15.296826633882295,15.344221826966455,United States
2026-01-20,16.394055,14.645232106257826,15.364057387385294,15.532127096936476,United States
2026-01-21,15.558499999999999,14.645232106257824,15.801966333409098,16.18696998990486,United States
2026-01-22,15.12382,14.645232106257822,15.47640385616054,15.730026327459658,United States
2026-01-23,15.694358,14.645232106257822,15.113991141398849,15.223789194767564,United States
2026-01-24,17.641412,14.645232106257822,15.546050080857144,15.308055680119654,United States
2026-01-25,19.045532,14.645232106257822,16.720313529999984,16.281820978478184,United States
2026-01-26,18.767654,14.645232106257822,18.48782851,17.86720164064948,United States
2026-01-27,18.059474,14.645232106257822,18.46781601999999,18.882239441343646,United States
2026-01-28,17.296866,14.645232106257822,18.088675639999977,17.952664863658587,United States
2026-01-29,17.713165,14.645232106257822,16.72439198166666,16.775093815899844,United States
2026-01-30,17.807212,14.645232106257822,18.000708319999998,16.806205283250545,United States
2026-01-31,17.831128,14.645232106257822,18.503170259999987,16.728133458386594,United States
2026-02-01,20.378141,14.645232106257822,18.761996719999985,16.754821551441665,United States
2026-02-02,19.304903,14.645232106257822,19.170730799999987,17.374482864393705,United States
2026-02-03,17.636914,14.645232106257822,19.27570643999999,17.8577275901903,United States
2026-02-04,15.981825,14.645232106257822,18.398261754999993,17.31012168128412,United States
2026-02-05,17.380178,14.645232106257822,15.762757445746752,14.755468221046241,United States
2026-02-06,17.47029,14.645232106257822,18.288064730952375,16.85476590984588,United States
2026-02-07,16.359825,14.645232106257822,18.19518301499999,16.779979056108218,United States
2026-02-08,16.757037,14.645232106257822,15.960237291999999,14.847940283520977,United States
2026-02-09,16.868031,14.645232106257822,16.397124754285713,16.06854188968277,United States
2026-02-10,14.908745,14.645232106257822,16.73699309428572,16.7979677619391,United States
2026-02-11,12.939498,14.645232106257822,14.935832285856465,15.199583844491826,United States
2026-02-12,14.925865,14.645232106257822,13.124712920852408,13.380819391074086,United States
2026-02-13,15.652982,14.645232106257822,14.610315576332724,14.664631354053228,United States
2026-02-14,15.327262999999999,14.645232106257822,15.209929710692979,15.412829562854442,United States
2026-02-15,14.353332,14.645232106257822,14.980351912199676,15.303703512761272,United States
2026-02-16,14.011512,14.645232106257822,14.472619023571433,14.507399381330378,United States
2026-02-17,13.579992999999998,14.645232106257822,14.077320806393011,14.540661457534537,United States
2026-02-18,11.937148,14.645232106257822,13.583519870838238,13.937027477741989,United States
2026-02-19,12.454398000000001,14.645232106257822,12.845035294640606,12.626955310591834,United States
2026-02-20,13.942971,14.645232106257822,13.110758963773822,12.809190929553175,United States
2026-02-21,14.752603,14.645232106257822,14.045478669389801,14.138266285996062,United States
2026-02-22,14.772296,14.645232106257822,14.466606298325495,14.417193887204197,United States
2026-02-23,15.700943,14.645232106257822,14.681373033169399,14.560385765550459,United States
2026-02-24,15.850217999999998,14.645232106257822,15.274357072450407,15.50131718706289,United States
2026-02-25,13.703062000000001,14.645232106257822,15.485820208517147,15.463550214021163,United States
2026-02-26,13.644093,14.645232106257822,13.578907024849695,14.110734259707566,United States
2026-02-27,14.212489,14.645232106257822,13.339348515701138,13.950424741030044,United States
2026-02-28,12.991857,14.645232106257822,14.333568891992932,14.393945893470546,United States
2026-03-01,14.100404999999999,14.645232106257822,12.517422805946596,12.605232582840776,United States
2026-03-02,14.919141,14.645232106257822,13.871598796891023,14.211105860012117,United States
2026-03-03,15.171568,14.645232106257822,14.755835502646617,15.333253984013096,United States
2026-03-04,13.728114000000001,14.645232106257822,15.189188401243548,14.99405204612986,United States
2026-03-05,14.220735000000001,14.645232106257822,13.49496103445998,13.881950347621528,United States
2026-03-06,13.72813,14.645232106257822,14.50806342615369,14.31397407576368,United States
2026-03-07,13.145675,14.645232106257822,12.920598089986434,12.973660303414672,United States
2026-03-08,12.523833,14.645232106257822,13.009733586325254,12.697625369397386,United States
2026-03-09,12.170379,14.645232106257822,13.33305672909304,13.866262416902702,United States
2026-03-10,11.679417,14.645232106257822,12.671875201617814,12.591879040143223,United States
2026-03-11,11.404856,14.645232106257822,12.377824338266466,12.431287634928193,United States
2026-03-12,13.015956,14.645232106257822,12.401208904854359,12.245819320887463,United States
2026-03-13,14.344767000000001,14.645232106257822,13.21432756373606,13.019744851452469,United States
2026-03-14,13.714454,14.645232106257822,13.923726726876474,14.126860410304532,United States
2026-03-15,12.802089,14.645232106257822,12.787121270014511,12.836979179687054,United States
2026-03-16,12.790007,14.645232106257822,12.82661929759469,12.878070286535412,United States
2026-03-17,15.447929,14.645232106257822,12.856807796360627,12.498028189772851,United States
2026-03-18,15.365717,14.645232106257822,14.910101801375259,14.666984676904542,United States
2026-03-19,15.029046,14.645232106257822,14.657230471118536,14.723790328463416,United States
2026-03-20,13.877460000000001,14.645232106257822,14.460372581560115,14.647980093753807,United States
2026-03-21,12.612177,14.645232106257822,13.571259146393237,13.478339477969794,United States
2026-03-22,11.708656999999999,14.645232106257822,12.22041939692827,12.11177740847865,United States
2026-03-23,12.583529,14.645232106257822,12.375473579115248,12.28452097230239,United States
2026-03-24,13.651707,14.645232106257822,13.202825988577656,13.50076263470058,United States
2026-03-25,12.525965,14.645232106257822,13.590507995143792,13.916190076873557,United States
2026-03-26,12.177966,14.645232106257822,13.284480265360012,12.872751933364217,United States
2026-03-27,12.216937,14.645232106257822,12.894487862008253,12.54778711752137,United States
2026-03-28,14.156815,14.645232106257822,12.365419283060742,12.08256414727381,United States
2026-03-29,13.267069,14.645232106257822,13.461755424665636,13.391042979494783,United States
2026-03-30,11.231132,14.645232106257822,13.287405566853824,12.976299886601966,United States
2026-03-31,10.394745,14.645232106257822,12.320866721256175,12.253916613002728,United States
2026-04-01,10.866065,14.645232106257822,12.012297954547485,12.124282081654899,United States
2026-04-02,13.470913,14.645232106257822,12.065651187428056,12.066327417408809,United States
2026-04-03,13.384893,14.645232106257822,13.522258450242749,13.561505230571292,United States
2026-04-04,12.597992,14.645232106257822,13.049836099051692,13.047547362040389,United States
2026-04-05,12.841706,14.645232106257822,12.418213842424139,12.438083053787075,United States
2026-04-06,13.305047,14.645232106257822,12.562598286114133,12.565448777571936,United States
2026-04-07,13.452387,14.645232106257822,13.143522646952592,13.030335030709841,United States
2026-04-08,9.682775,14.645232106257822,13.305724909938284,13.120987753976413,United States
2026-04-09,12.484598,14.645232106257822,11.774236215467885,11.756098008142398,United States
2026-04-10,13.097055,14.645232106257822,12.763961503177184,12.533073143311029,United States
2026-04-11,13.328285,14.645232106257822,12.491319670131226,12.487059121032155,United States
2026-04-12,12.421885,14.645232106257822,12.557325805097234,12.544117245834403,United States
2026-04-13,11.640547999999999,14.645232106257822,12.5691260591103,12.418992972551584,United States
2026-04-14,11.595756,14.645232106257822,12.466059779913222,12.035722730766658,United States
2026-04-15,11.339552000000001,14.645232106257822,11.558392418561711,11.014922309489798,United States
2026-04-16,12.864143,14.645232106257822,12.350193926000104,12.309361293937119,United States
2026-04-17,12.794352,14.645232106257822,13.233255077368637,13.284347716915557,United States
2026-04-18,12.643352,14.645232106257822,12.554032923933304,12.817639987839044,United States
2026-04-19,13.335552,14.645232106257822,12.396634571533742,12.2244970937694,United States
2026-04-20,13.886316,14.645232106257822,13.400746746107854,13.02667261287358,United States
2026-04-21,13.357257,14.645232106257822,13.878611752257088,13.983698112806772,United States
2026-04-22,11.450281,14.645232106257822,13.55935439526344,13.299572432445336,United States
2026-04-23,12.237695,14.645232106257822,12.368043534008315,12.252758094406188,United States
2026-04-24,12.062407,14.645232106257822,12.954991386033635,12.336125159135714,United States
2026-04-25,13.226334,14.645232106257822,12.470984746368204,12.143347309592293,United States
2026-04-26,13.556916999999999,14.645232106257822,12.3968116570914,12.649115275411427,United States
2026-04-27,13.148905,14.645232106257822,13.168219046790307,13.351237155521996,United States
2026-04-28,12.469288,14.645232106257822,12.992810842691112,13.314988214087105,United States
2026-04-29,12.296133000000001,14.645232106257822,12.244963161621756,12.112391209716657,United States
2026-04-30,13.793607,14.645232106257822,12.942432315539348,12.844953878707729,United States
2026-05-01,15.023289,14.645232106257822,13.867776985144566,13.370278191160311,United States
2026-05-02,14.595577,14.645232106257822,14.29412187540596,14.354107385157556,United States
2026-05-03,13.34262,14.645232106257822,14.076648539783307,13.87564698453474,United States
2026-05-04,11.078743000000001,14.645232106257822,13.441960771006368,13.12755555328208,United States
2026-05-05,11.043431,14.645232106257822,11.654684755599208,11.716668614697472,United States
2026-05-06,12.377067,14.645232106257822,11.701607555442461,11.8594887389946,United States
2026-05-07,13.953277,14.645232106257822,13.026306402811866,12.704073725813908,United States
2026-05-08,13.322354,14.645232106257822,14.104066434745475,14.530495399099236,United States
2026-05-09,12.412090000000001,14.645232106257822,12.761954142416837,12.98337814429642,United States
2026-05-10,11.96612,14.645232106257822,12.136579453174967,11.647617593447496,United States
2026-05-11,12.646732,14.645232106257822,11.92812745964128,12.042373571854759,United States
2026-05-12,12.652277999999999,14.645232106257822,12.640614030714882,12.266979945102308,United States
2026-05-13,11.035753,14.645232106257822,12.852181062684908,12.840485713514711,United States
2026-05-14,12.56403,14.645232106257822,12.053656074554098,11.850063785122195,United States
2026-05-15,12.238293,14.645232106257822,12.950053593294262,12.953739022680184,United States
2026-05-16,11.409403,14.645232106257822,12.505381428722314,12.28486438544523,United States
2026-05-17,11.444877,14.645232106257822,11.181370684790993,10.82436158076509,United States
2026-05-18,11.863102,14.645232106257822,12.432258214119333,12.04664433573368,United States
2026-05-19,12.481363,14.645232106257822,12.559149995607118,12.912944580018666,United States
2026-05-20,12.645710000000001,14.645232106257822,12.578603812177299,12.322248934855631,United States
2026-05-21,13.867098,14.645232106257822,13.063707082806461,13.449364774621458,United States
2026-05-22,13.558935,14.645232106257822,13.868777497716907,13.914340211629538,United States
2026-05-23,13.071166999999999,14.645232106257822,12.657939449343626,12.689556442277215,United States
2026-05-24,12.921722,14.645232106257822,12.171127863575263,12.320233478700027,United States
2026-05-25,11.974758,14.645232106257822,12.837894838659345,12.865686994482953,United States
2026-05-26,11.155934,14.645232106257822,12.734294301846257,12.378235944922068,United States
2026-05-27,11.659108,14.645232106257822,12.21609282226946,12.053869431883394,United States
2026-05-28,11.839145,14.645232106257822,12.605133001813822,12.451871386273883,United States
2026-05-29,12.760134,14.645232106257822,12.50815640271603,12.370511515779505,United States
2026-05-30,12.465766,14.645232106257822,12.602269433154357,12.68573801325422,United States
2026-05-31,12.172799,14.645232106257822,12.206578130705646,12.335186449487411,United States
2025-12-07,8.8377166,8.899206784244697,8.910818883440083,10.05579493629424,India
2025-12-08,8.4020987,8.780273667058799,9.008663852624128,8.49912519685787,India
2025-12-09,8.5003644,8.887741911228778,8.552572947467882,8.39894900718099,India
2025-12-10,8.7788438,8.81361497370954,8.678566769325052,8.665196106673942,India
2025-12-11,9.0110086,8.879336100816113,8.725779535645067,8.759205088198676,India
2025-12-12,9.0869205,8.8332044176096,8.990753017868762,8.884229964915873,India
2025-12-13,9.1061921,8.873439385535292,9.01563705244788,8.991472031379663,India
2025-12-14,9.0968731,8.844766580577629,8.898718080237972,8.81508598882605,India
2025-12-15,8.7477601,8.869422343636904,9.180418156463023,9.192972894619984,India
2025-12-16,8.876407799999999,8.85162027493785,8.828430816140628,9.056389123829566,India
2025-12-17,10.4945173,8.866741884176854,8.868237393105627,8.900918730640338,India
2025-12-18,9.4034193,8.85569934443159,10.036403152609523,10.238394626751035,India
2025-12-19,9.5833678,8.864980387583195,9.337956621771259,9.502883588301586,India
2025-12-20,9.745936799999999,8.858136170545757,9.418397826293031,9.464410767226976,India
2025-12-21,9.9954966,8.863836166012154,9.069739178915352,9.182394209343487,India
2025-12-22,9.7654197,8.859596964059852,9.531006816272596,9.626839983254337,India
2025-12-23,9.6150161,8.863099605284242,9.49483572611358,9.552526329974006,India
2025-12-24,9.6303404,8.860475436264267,9.616579272006959,9.74545558278719,India
2025-12-25,9.938242,8.862628857522587,9.441743670863353,9.422940954113079,India
2025-12-26,9.9940548,8.861005244591542,9.511974193007886,9.40615770491889,India
2025-12-27,10.6471067,8.86232972985148,9.494212654355321,9.372395795926108,India
2025-12-28,9.666587400000001,8.861325607531812,9.720284812230776,10.33970291519153,India
2025-12-29,10.3424114,8.862140548314676,9.583827079510856,9.75599524979501,India
2025-12-30,10.3779884,8.861519779087828,9.622593214962915,10.044413210089425,India
2025-12-31,10.542478299999999,8.86202136435893,10.01484130394444,10.14482315954248,India
2026-01-01,10.0067155,8.861637714126546,10.356800229277773,10.022253381317562,India
2026-01-02,9.6488663,8.86194651958644,9.888874184079398,9.75519007648632,India
2026-01-03,9.7548988,8.861709479609795,9.607493319135326,9.474140320104025,India
2026-01-04,9.541621600000001,8.86189964463863,9.40054126898202,9.833487332285335,India
2026-01-05,9.8065748,8.861753223092865,9.868285909850924,9.508604813171843,India
2026-01-06,10.073367,8.861870353027012,9.672668779540972,9.612267097458796,India
2026-01-07,10.02093,8.861779925687419,10.087112622135548,9.99314945823293,India
2026-01-08,10.1323895,8.861852083703782,9.756288413774094,9.587159536786915,India
2026-01-09,10.155463999999998,8.861796247222953,10.43131750308081,10.137093477559224,India
2026-01-10,10.0210609,8.861840707296018,10.534817388705811,10.239308030024059,India
2026-01-11,9.8311624,8.861806234993132,9.455183283885713,9.460357715981218,India
2026-01-12,9.5243903,8.861833632780813,9.633996941978832,9.69937348058835,India
2026-01-13,9.652287,8.861812353078976,9.466024025159523,9.363807647254426,India
2026-01-14,9.751926000000001,8.861829238527418,9.589594667758243,9.424363016535116,India
2026-01-15,9.647342700000001,8.861816104088359,9.632255782615575,9.511042707515875,India
2026-01-16,9.632681300000002,8.86182651178376,9.418309518531663,9.458997658920087,India
2026-01-17,9.882690499999999,8.86181840562752,9.340851949250943,9.29378289334841,India
2026-01-18,9.5011199,8.861824821200118,9.403658618952385,9.883848884434707,India
2026-01-19,8.9934152,8.86181981876298,9.608421507449856,9.574024157646024,India
2026-01-20,9.191067299999998,8.86182377379451,9.007274165418906,9.046350340440602,India
2026-01-21,9.1234143,8.861820686937381,9.248290854382146,9.270132119857001,India
2026-01-22,8.90824,8.861823125273903,9.195399641598508,9.16490228773894,India
2026-01-23,8.725507,8.861821220585458,8.970377631978682,9.227491094079642,India
2026-01-24,8.9967945,8.86182272394409,8.856097140476061,8.803546037002944,India
2026-01-25,9.151242,8.86182154875537,9.006994871847615,8.765738361072012,India
2026-01-26,8.3606892,8.861822475699201,9.178805362883411,9.342002303574699,India
2026-01-27,8.6145189,8.861821750644543,8.499068266734229,8.629169786110639,India
2026-01-28,8.6148598,8.861822322206319,8.68023897755603,8.956311422752025,India
2026-01-29,8.939957799999998,8.861821874888578,8.795266392922384,8.881547530259276,India
2026-01-30,9.143683,8.861822227331935,8.907863433531762,9.107922935724744,India
2026-01-31,9.373664400000001,8.861821951371931,9.019296974129595,9.159040245285986,India
2026-02-01,11.2153702,8.861822168706931,9.070378984966865,9.289149767047794,India
2026-02-02,10.124139699999999,8.861821998466434,10.576787225999999,10.636723042480002,India
2026-02-03,10.7323208,8.861822132490348,10.132337758530804,10.362260082956343,India
2026-02-04,10.8171146,8.861822027471286,10.14484865311667,10.047607076319983,India
2026-02-05,10.6912196,8.8618221101218,9.760565478000009,10.112417465257543,India
2026-02-06,10.4901888,8.861822045338442,9.937277960199994,9.895262017621537,India
2026-02-07,10.0170229,8.86182209630884,9.741579327652776,9.793177547112064,India
2026-02-08,10.2240467,8.861822056346568,9.457937291130772,10.155555415587676,India
2026-02-09,9.705642999999998,8.861822087780482,9.979711503272434,10.20435107800792,India
2026-02-10,9.701535799999998,8.86182206312977,9.70141504676718,9.710601930979932,India
2026-02-11,9.2620731,8.86182208251566,9.641007641787942,9.702480113013657,India
2026-02-12,9.3418875,8.861822067310102,9.939922544004924,9.429560430880978,India
2026-02-13,9.3611823,8.861822079265913,9.926925815832377,9.705402577150084,India
2026-02-14,9.3705257,8.86182206988663,9.595092369142668,9.624531218729533,India
2026-02-15,9.2413572,8.861822077260195,9.202459751861115,9.839406473474124,India
2026-02-16,9.1703775,8.861822071474812,9.300267117570256,9.51158706390283,India
2026-02-17,8.997130799999999,8.861822076022392,9.295488161978689,9.279193390173624,India
2026-02-18,9.0128934,8.861822072453853,9.004569833015282,8.995742003273763,India
2026-02-19,9.0483395,8.861822075258559,9.051789932727068,9.010100902177877,India
2026-02-20,8.9803272,8.86182207305743,9.005156880057081,9.003082839001937,India
2026-02-21,9.2459784,8.861822074787236,8.998863583791596,8.81935269312606,India
2026-02-22,9.1623781,8.861822073429558,8.98247975489121,8.794828535645227,India
2026-02-23,9.066867100000001,8.861822074496425,9.235787101296173,9.154111405613666,India
2026-02-24,9.3687814,8.861822073659,8.975410311795663,8.991154660565478,India
2026-02-25,9.0734704,8.861822074317,9.508062203878417,9.433476702637396,India
2026-02-26,11.4871041,8.861822073800475,8.972334165739074,8.526402753458525,India
2026-02-27,9.3866597,8.861822074206305,10.312600422930807,10.769214171019529,India
2026-02-28,9.2738999,8.861822073887712,9.3688890609757,9.359713812295958,India
2026-03-01,9.8895849,8.861822074138013,8.933173400389133,8.840132926068309,India
2026-03-02,10.02792,8.861822073941505,9.746879475942803,9.791869095917875,India
2026-03-03,9.8744149,8.861822074095883,9.840217255932448,9.617868417989104,India
2026-03-04,9.2509507,8.861822073974679,9.80380720088243,9.633234285153682,India
2026-03-05,8.632382100000001,8.861822074069893,9.978452504041105,8.998827901152124,India
2026-03-06,8.8927304,8.861822073995135,8.842900062412502,8.677388163295348,India
2026-03-07,9.4977685,8.861822074053862,8.860896021956856,8.83351711244216,India
2026-03-08,10.826009599999999,8.861822074007751,9.068276761228578,9.55305691585116,India
2026-03-09,9.5649377,8.861822074043971,10.213682076607144,10.416140497884067,India
2026-03-10,9.7404725,8.86182207401553,9.626727960420133,9.471065737821744,India
2026-03-11,9.6312407,8.86182207403787,9.649632198606353,9.799324314974797,India
2026-03-12,9.922185500000001,8.861822074020328,9.66417041409154,9.87611134999562,India
2026-03-13,10.1496663,8.861822074034107,9.762921869246084,9.720515996552328,India
2026-03-14,10.0684941,8.861822074023287,10.190376941331019,10.297612207321823,India
2026-03-15,10.1435412,8.861822074031785,9.637996898459827,10.111649617135173,India
2026-03-16,10.5868055,8.861822074025111,10.324223153765146,10.437545145526572,India
2026-03-17,10.181520899999999,8.861822074030353,10.478342699540871,10.384340194939343,India
2026-03-18,9.8465837,8.861822074026238,10.475474346540869,10.354510613508786,India
2026-03-19,10.2158002,8.86182207402947,9.753305229676199,9.750592698768196,India
2026-03-20,10.695349,8.861822074026932,10.577998247224206,10.324015296435926,India
2026-03-21,9.6711919,8.861822074028927,10.40728812790278,9.600549216414521,India
2026-03-22,9.2779891,8.861822074027362,9.219290283515141,9.86214407535253,India
2026-03-23,9.0075948,8.861822074028591,10.05469613097366,9.531429091849617,India
2026-03-24,9.763034000000001,8.861822074027625,8.988333595536673,8.936709391597068,India
2026-03-25,9.1747309,8.861822074028384,9.584764433717687,9.590816681813351,India
2026-03-26,8.5851195,8.861822074027788,9.37274503006176,9.062532055422135,India
2026-03-27,9.6359934,8.861822074028256,8.862992249643034,8.714382183949603,India
2026-03-28,9.345692099999999,8.861822074027888,9.597792838023173,9.642950405053464,India
2026-03-29,9.240979000000001,8.861822074028176,9.12935856027981,9.085958584684644,India
2026-03-30,8.9834012,8.861822074027948,9.271106173954724,9.424131655823748,India
2026-03-31,9.369360700000001,8.861822074028126,9.068117375796918,9.146323573349576,India
2026-04-01,9.363888099999999,8.861822074027986,9.629992825601665,9.537809468113805,India
2026-04-02,9.434792999999999,8.861822074028096,9.597331210675838,9.596137286419776,India
2026-04-03,9.547834,8.861822074028009,9.458171777673915,9.450098964123361,India
2026-04-04,9.7252427,8.861822074028076,9.472781914197851,9.447687451430435,India
2026-04-05,9.682629,8.861822074028023,9.335624445736821,9.292543581015458,India
2026-04-06,9.1767596,8.861822074028066,9.715212708314903,9.714214901015623,India
2026-04-07,9.6242837,8.861822074028034,9.29753227633445,9.267847738516345,India
2026-04-08,8.007039800000001,8.861822074028058,9.503191436060444,9.589046440316231,India
2026-04-09,9.863639,8.861822074028039,8.210957855661114,8.27504015203345,India
2026-04-10,9.8925756,8.861822074028055,9.828468753616384,9.997328383768119,India
2026-04-11,9.561673299999999,8.861822074028042,9.83650813536761,9.685014845926222,India
2026-04-12,9.5741643,8.861822074028053,9.109999415463006,9.68071476601718,India
2026-04-13,9.3727043,8.861822074028046,9.68653112255513,9.74442387198942,India
2026-04-14,9.587075,8.861822074028051,9.654777537859406,9.517899579729617,India
2026-04-15,9.601365999999999,8.861822074028046,9.67010912421892,9.778466225359413,India
2026-04-16,9.801009200000001,8.86182207402805,9.495456891790978,9.58768759112043,India
2026-04-17,10.0971422,8.861822074028046,9.510189171595277,9.577482907822487,India
2026-04-18,9.9535922,8.861822074028048,9.759123884032569,9.8595920066647,India
2026-04-19,10.0276004,8.861822074028046,9.568373032267768,9.567181645613841,India
2026-04-20,9.630919299999999,8.861822074028048,9.88286114979146,9.866056002336071,India
2026-04-21,9.855921,8.861822074028046,9.529361049242487,9.531513365207651,India
2026-04-22,9.65568,8.861822074028046,9.68535601505066,9.802989375200493,India
2026-04-23,9.7528013,8.861822074028046,9.50592016427741,9.589923316741292,India
2026-04-24,9.8006779,8.861822074028046,9.460194963196164,9.561056357629573,India
2026-04-25,10.0382806,8.861822074028046,9.550394412037292,9.495155864181362,India
2026-04-26,10.3499562,8.861822074028046,9.495046512373628,10.048962751635829,India
2026-04-27,9.870811699999999,8.861822074028046,10.356336341765148,10.437545145526572,India
2026-04-28,9.9346703,8.861822074028046,9.741715745150305,9.768827624661965,India
2026-04-29,9.943487900000001,8.861822074028046,9.774555143712334,9.782895935808147,India
2026-04-30,9.7164365,8.861822074028046,9.76004159220139,9.777627369023456,India
2026-05-01,9.480393900000001,8.861822074028046,9.575533653471973,9.4793222453105,India
2026-05-02,9.4603672,8.861822074028046,9.436430198972179,9.348318280588497,India
2026-05-03,9.6203726,8.861822074028046,9.408862617281605,9.612295309379608,India
2026-05-04,9.4256546,8.861822074028046,9.75229522584653,9.80408740673516,India
2026-05-05,9.433384,8.861822074028046,9.492533078500786,9.451079472952982,India
2026-05-06,9.5412785,8.861822074028046,9.455878459514876,9.453053119112633,India
2026-05-07,9.983806399999999,8.861822074028046,9.446501139539448,9.389193935880968,India
2026-05-08,9.637554100000001,8.861822074028046,9.89313072460943,9.868743057902579,India
2026-05-09,9.4857595,8.861822074028046,9.567962116281594,9.549708976582794,India
2026-05-10,9.4862581,8.861822074028046,9.14491936622684,9.168758716690173,India
2026-05-11,9.6981445,8.861822074028046,9.57801356513942,9.617150285705778,India
2026-05-12,9.7032095,8.861822074028046,9.5941863877226,9.486416998564374,India
2026-05-13,9.962847100000001,8.861822074028046,9.620172807491675,9.536463733046581,India
2026-05-14,9.9641653,8.861822074028046,9.763861267446947,9.71515536802273,India
2026-05-15,9.80946,8.861822074028046,9.793487158705881,9.625949477077768,India
2026-05-16,9.935769299999999,8.861822074028046,9.634630259159172,9.568810037256553,India
2026-05-17,10.0762994,8.861822074028046,9.540737380235711,9.513975021417135,India
2026-05-18,9.6151701,8.861822074028046,9.857943346590206,9.983235508829182,India
2026-05-19,9.817540900000001,8.861822074028046,9.606461746602887,9.586845900406734,India
2026-05-20,9.641136399999999,8.861822074028046,9.640326363032791,9.645712649701629,India
2026-05-21,9.765656400000001,8.861822074028046,9.553244603555207,9.509510306808567,India
2026-05-22,10.124727199999999,8.861822074028046,9.647943730712537,9.696651218513281,India
2026-05-23,10.1628135,8.861822074028046,10.375959864546248,10.181371660147548,India
2026-05-24,9.882504099999998,8.861822074028046,10.379411221564107,10.732879572355609,India
2026-05-25,9.4532751,8.861822074028046,9.842318757770846,9.887439637900682,India
2026-05-26,9.778614300000001,8.861822074028046,9.550572033563245,9.513777548960528,India
2026-05-27,9.7317184,8.861822074028046,9.66145080379667,9.671942190387409,India
2026-05-28,9.7576459,8.861822074028046,9.621750950019829,9.52354716485138,India
2026-05-29,9.9927852,8.861822074028046,9.611033815273217,9.6160556419653,India
2026-05-30,9.3192485,8.861822074028046,9.791184771192501,9.857260935196829,India
2026-05-31,8.958770200000002,8.861822074028046,9.215299539606134,9.481586437879788,India
2025-12-07,6.777487300000001,8.462339664157385,6.71350278305975,6.937927641360943,EU27
2025-12-08,7.1604942000000005,8.373141423086116,7.294469316905463,7.576280440500261,EU27
2025-12-09,6.9370924,8.409882755961924,7.440379666182103,7.43644504191182,EU27
2025-12-10,7.7059222,8.467579338419856,7.177810861036692,7.803440407442068,EU27
2025-12-11,8.048084,8.498561316096087,7.4448796625932205,7.7516268661208105,EU27
2025-12-12,8.7599782,8.502395497373795,7.336330069389651,7.518379838082486,EU27
2025-12-13,7.9735116,8.494830552491564,7.981733296901187,8.006222497424284,EU27
2025-12-14,7.2422914,8.487851008836307,7.220731424080912,7.088582812727511,EU27
2025-12-15,7.9989521,8.485155310570777,7.54143643419852,7.764306573019067,EU27
2025-12-16,8.4992009,8.485482430038,7.984285798583766,8.033559853842243,EU27
2025-12-17,9.0786216,8.48663732064501,8.991114453138097,8.522494919799566,EU27
2025-12-18,7.8787048,8.48739516018284,9.109137372432073,9.031217550653919,EU27
2025-12-19,8.0275465,8.487575406950388,7.186869343747191,7.6971305946274775,EU27
2025-12-20,8.1212082,8.487455356523926,7.263742932970955,7.521798522092491,EU27
2025-12-21,7.4088278,8.487304333925158,7.502381627357148,7.9813223592435785,EU27
2025-12-22,7.4829755,8.48723128959696,7.586427935225851,7.733224747745546,EU27
2025-12-23,7.0813714,8.487227306259692,7.805483626632775,7.631979927491367,EU27
2025-12-24,6.9477349,8.487248942533757,7.340878190357711,7.670562949568096,EU27
2025-12-25,6.6452944,8.487266549951416,7.2282590049777085,6.96500973886015,EU27
2025-12-26,6.632607800000001,8.48727248988251,7.0586528386393805,7.155486278591771,EU27
2025-12-27,6.7726971,8.487271017763936,6.517038696684129,6.564002727876228,EU27
2025-12-28,7.2511717,8.487267908207071,6.45520863798492,6.658764184532581,EU27
2025-12-29,7.6369989,8.48726606711706,7.278915164902259,7.7497028822290375,EU27
2025-12-30,7.0493462000000005,8.487265731693277,7.858049186758339,7.46184141607964,EU27
2025-12-31,7.6885455,8.487266100368123,7.03422613163193,6.874239607111168,EU27
2026-01-01,5.2990711,8.48726649061032,7.642425497683335,7.332265169043401,EU27
2026-01-02,6.5098499,8.487266659642433,6.414773132218654,6.2960983417949175,EU27
2026-01-03,6.9101587,8.487266655115882,6.319093170240692,6.226436644757158,EU27
2026-01-04,7.2866043,8.487266594715484,6.514987403170641,6.717742804700209,EU27
2026-01-05,8.7839451,8.487266550838173,6.964929702897673,7.4422929889235485,EU27
2026-01-06,8.6643761,8.487266538222151,8.574290559350981,8.381514632481096,EU27
2026-01-07,8.2351901,8.487266543534,8.565894850251158,8.659546210187708,EU27
2026-01-08,9.493127699999999,8.487266551781108,8.228733639479733,7.978796697901485,EU27
2026-01-09,8.297216200000001,8.487266556189395,8.973169304142862,8.6133286597297,EU27
2026-01-10,8.2838717,8.487266556722224,7.89484825014706,7.766955075718863,EU27
2026-01-11,8.2623366,8.48726655563628,8.048992615904208,8.201517661032696,EU27
2026-01-12,9.064675300000001,8.487266554640295,8.707947768068683,8.391800504015585,EU27
2026-01-13,8.845729500000001,8.487266554257781,9.100045028473806,8.983028145810218,EU27
2026-01-14,8.1648072,8.487266554306089,9.045192943316591,9.160789740967795,EU27
2026-01-15,8.528059599999999,8.487266554471386,8.242587143545238,8.498141468953222,EU27
2026-01-16,8.5987035,8.487266554579353,8.26504363904722,8.482702876814432,EU27
2026-01-17,8.4054685,8.487266554604775,8.204627703858336,8.05747869184031,EU27
2026-01-18,8.0136038,8.487266554587478,8.22279485943667,8.340745178695805,EU27
2026-01-19,8.9417624,8.487266554565904,8.059598838666668,8.3677006384984,EU27
2026-01-20,8.957996999999999,8.48726655455552,9.094958606740475,9.172761297321422,EU27
2026-01-21,8.1877157,8.487266554554989,9.118289063827707,9.36262001701483,EU27
2026-01-22,8.835769599999999,8.48726655455809,8.618928439051349,8.654819541095831,EU27
2026-01-23,8.8837685,8.487266554560602,8.817867531745636,8.744657749934314,EU27
2026-01-24,8.2879151,8.487266554561444,8.642719019258333,8.424448086316787,EU27
2026-01-25,7.9952465,8.487266554561229,8.12450829686135,8.134093933358773,EU27
2026-01-26,8.9970454,8.487266554560785,8.180137617428574,8.20279621299312,EU27
2026-01-27,8.6944847,8.487266554560522,9.079625189107139,9.037647185061266,EU27
2026-01-28,8.369809199999999,8.487266554560474,9.035658377265799,8.965600196114854,EU27
2026-01-29,9.089556,8.487266554560527,8.533706033658092,8.508866303107382,EU27
2026-01-30,8.7801474,8.487266554560582,9.074297555599601,9.002536296622425,EU27
2026-01-31,8.1405431,8.487266554560607,8.422073738525002,8.155632205672063,EU27
2026-02-01,8.3532512,8.487266554560607,7.995833331738099,8.049290241059191,EU27
2026-02-02,9.11644,8.487266554560598,8.77875219351666,8.709454903574219,EU27
2026-02-03,8.8655009,8.487266554560591,8.978558327199993,9.146255467985046,EU27
2026-02-04,8.6702251,8.48726655456059,8.820615947018252,9.212166908476792,EU27
2026-02-05,9.3920615,8.48726655456059,8.395126857136113,8.28397969516245,EU27
2026-02-06,9.3891737,8.487266554560591,8.745560378964283,8.683012540509536,EU27
2026-02-07,8.5740304,8.487266554560591,8.700831335630959,8.386117813720642,EU27
2026-02-08,8.2198115,8.487266554560591,8.169181540489285,8.167579509210642,EU27
2026-02-09,9.2859411,8.487266554560591,8.604462480844438,9.00353217815143,EU27
2026-02-10,9.1163916,8.487266554560591,8.77192040002539,8.65453725273628,EU27
2026-02-11,8.1564631,8.487266554560591,8.845039725158726,8.737276936575263,EU27
2026-02-12,8.3422684,8.487266554560591,8.196442980261905,8.411752435831769,EU27
2026-02-13,8.617411200000001,8.487266554560591,8.09932501723968,8.362734250293661,EU27
2026-02-14,8.554168800000001,8.487266554560591,8.15059072477262,8.276411395140645,EU27
2026-02-15,7.6409983,8.487266554560591,8.140033576655956,8.417009328370591,EU27
2026-02-16,8.3915661,8.487266554560591,7.841010513072223,8.131457921653286,EU27
2026-02-17,8.5926404,8.487266554560591,8.734470411999995,8.480591970799237,EU27
2026-02-18,8.4249996,8.487266554560591,8.883533218933332,8.889943611836223,EU27
2026-02-19,8.8485946,8.487266554560591,8.46325243851293,8.652430244041778,EU27
2026-02-20,8.2704861,8.487266554560591,8.77245493207897,8.729716574962275,EU27
2026-02-21,6.8530972,8.487266554560591,7.966650595739918,7.90814532093361,EU27
2026-02-22,6.4470773999999995,8.487266554560591,6.664957262502209,6.387721987418085,EU27
2026-02-23,6.8999077,8.487266554560591,7.460458749264637,7.653396218236921,EU27
2026-02-24,7.9814291,8.487266554560591,7.182885981749642,7.166841071189508,EU27
2026-02-25,6.9737866,8.487266554560591,7.90393896332504,8.198026311254482,EU27
2026-02-26,6.7886329,8.487266554560591,7.282853882740458,6.98632940459687,EU27
2026-02-27,6.7070667,8.487266554560591,6.853254563375001,6.896695474411199,EU27
2026-02-28,6.3549859,8.487266554560591,6.319076721362916,6.469716538957533,EU27
2026-03-01,6.5585948,8.487266554560591,6.04902800134632,5.933153858232589,EU27
2026-03-02,7.490606,8.487266554560591,7.112063959177679,7.183092396764792,EU27
2026-03-03,7.6650433,8.487266554560591,7.519934038917623,7.4689218031147995,EU27
2026-03-04,7.4221162,8.487266554560591,7.861335628507938,7.992358911530647,EU27
2026-03-05,7.8470894,8.487266554560591,7.293206324912653,7.134147028272071,EU27
2026-03-06,8.0279005,8.487266554560591,7.376143254569804,7.516769021913387,EU27
2026-03-07,7.4250273,8.487266554560591,7.3294240744452415,7.133590031880609,EU27
2026-03-08,7.1652801,8.487266554560591,6.842498108019049,6.592013408951017,EU27
2026-03-09,7.7689267,8.487266554560591,7.47460487209314,7.643552121848374,EU27
2026-03-10,7.6127033,8.487266554560591,7.969934050064848,8.041111103775163,EU27
2026-03-11,6.3644101,8.487266554560591,7.895647042664848,8.326956376819762,EU27
2026-03-12,6.8990332,8.487266554560591,7.331176644299067,7.165464199713357,EU27
2026-03-13,6.7572578,8.487266554560591,7.015639430582549,7.0697294563362885,EU27
2026-03-14,7.4339064,8.487266554560591,6.482891447908853,6.323790860615778,EU27
2026-03-15,6.9940922,8.487266554560591,6.95948020645075,7.002527103679737,EU27
2026-03-16,7.3518054,8.487266554560591,7.355599296263595,7.384451736925678,EU27
2026-03-17,7.8149776,8.487266554560591,7.334962602156498,7.429551939925858,EU27
2026-03-18,6.8895587,8.487266554560591,7.732730068527779,7.846305576551978,EU27
2026-03-19,7.8153191,8.487266554560591,7.051920389815251,7.245226053084137,EU27
2026-03-20,8.079343099999999,8.487266554560591,7.086885091517818,7.141783680440248,EU27
2026-03-21,7.6236682,8.487266554560591,7.590204449238098,7.294149904471092,EU27
2026-03-22,7.1074152999999995,8.487266554560591,6.975093969412216,6.802305028868652,EU27
2026-03-23,8.0651953,8.487266554560591,7.3404909908351,7.355904874934562,EU27
2026-03-24,6.5527356,8.487266554560591,8.557403721069447,7.994300884257638,EU27
2026-03-25,5.7675485,8.487266554560591,7.1414991872089955,7.106745971131152,EU27
2026-03-26,7.2973918,8.487266554560591,7.1600655330738325,6.699772732350138,EU27
2026-03-27,7.7650936,8.487266554560591,7.151914608761631,6.923084130796714,EU27
2026-03-28,7.0675561,8.487266554560591,7.205795880825709,6.898036944477596,EU27
2026-03-29,6.4767066,8.487266554560591,6.231210239370829,6.574871901850695,EU27
2026-03-30,6.7347164,8.487266554560591,7.1866907459357,7.21995297134699,EU27
2026-03-31,7.580467700000001,8.487266554560591,6.97673489689959,6.846712973186621,EU27
2026-04-01,7.8226337,8.487266554560591,7.438729674198413,7.702972904936698,EU27
2026-04-02,7.7703796,8.487266554560591,7.5631520279988855,7.529321262503404,EU27
2026-04-03,6.9003111,8.487266554560591,7.00537553837968,7.2974871593168436,EU27
2026-04-04,5.989307,8.487266554560591,6.223773082256205,6.3829423821183155,EU27
2026-04-05,5.5889334999999996,8.487266554560591,5.8949191406287555,5.829035582298605,EU27
2026-04-06,5.868142,8.487266554560591,7.045112131057173,6.765928085775707,EU27
2026-04-07,6.4509062,8.487266554560591,6.721930398491221,6.876027642340477,EU27
2026-04-08,6.2248115,8.487266554560591,6.603430811893296,6.528512712032816,EU27
2026-04-09,7.174240200000001,8.487266554560591,6.689484576612524,6.5618964763958525,EU27
2026-04-10,7.6984708,8.487266554560591,6.996066312379563,6.880236543256997,EU27
2026-04-11,6.4970091,8.487266554560591,7.135795420093648,6.70225130005388,EU27
2026-04-12,6.3821736,8.487266554560591,5.659834616263815,5.721260437698879,EU27
2026-04-13,7.5518594000000006,8.487266554560591,6.310654804792924,6.938702991814583,EU27
2026-04-14,7.5962267,8.487266554560591,7.502488623818483,7.433381990641509,EU27
2026-04-15,7.0180415,8.487266554560591,7.5547134007083665,7.713044413587032,EU27
2026-04-16,7.5428579,8.487266554560591,7.0782506335872135,7.199007883380622,EU27
2026-04-17,7.123760699999999,8.487266554560591,7.094781102149563,7.105199446789261,EU27
2026-04-18,6.4157919,8.487266554560591,6.168008656633337,6.2077681343967095,EU27
2026-04-19,6.1859922,8.487266554560591,6.092772934816014,5.982262446507359,EU27
2026-04-20,6.7104205,8.487266554560591,7.16821297659391,7.256027400870672,EU27
2026-04-21,6.6915407,8.487266554560591,6.703999951323714,6.8036817753087995,EU27
2026-04-22,6.1017694,8.487266554560591,6.840351655218513,6.8642341277006,EU27
2026-04-23,6.4303267,8.487266554560591,6.521441697833368,6.502444189278182,EU27
2026-04-24,6.4831289000000005,8.487266554560591,6.472756797021739,6.401845204010711,EU27
2026-04-25,5.7687612999999995,8.487266554560591,6.10525430893776,6.114951206493934,EU27
2026-04-26,5.8477815,8.487266554560591,5.624460095734533,5.931870149111858,EU27
2026-04-27,6.6770353,8.487266554560591,6.5103934468221105,6.715617623165096,EU27
2026-04-28,6.162020399999999,8.487266554560591,6.711741789436087,6.707079845369955,EU27
2026-04-29,5.7461609000000005,8.487266554560591,6.159194612641486,6.3168733775949,EU27
2026-04-30,6.1536178999999995,8.487266554560591,6.383446811828954,6.245256169463215,EU27
2026-05-01,5.549962900000001,8.487266554560591,5.932632607978419,5.876420742417627,EU27
2026-05-02,4.5968103000000005,8.487266554560591,5.30872907395931,5.069461891761917,EU27
2026-05-03,5.4995392,8.487266554560591,5.191434479756614,5.021108245552398,EU27
2026-05-04,6.5251502,8.487266554560591,6.205824631265509,6.367792675089897,EU27
2026-05-05,6.8288421,8.487266554560591,6.428286381701397,6.396015012755298,EU27
2026-05-06,6.459457499999999,8.487266554560591,6.669041586858616,6.841955379537633,EU27
2026-05-07,7.4594552,8.487266554560591,6.449318724432494,6.3774690927079,EU27
2026-05-08,7.2559806,8.487266554560591,6.769999557769372,6.863477784489441,EU27
2026-05-09,6.1377641,8.487266554560591,6.069763405929004,6.307231698932867,EU27
2026-05-10,5.5827747,8.487266554560591,5.649374053143523,5.607390918153937,EU27
2026-05-11,6.4473638,8.487266554560591,6.4102020150773535,6.561058307067355,EU27
2026-05-12,6.1195596,8.487266554560591,6.478741859632671,6.546089500134878,EU27
2026-05-13,6.3088296999999995,8.487266554560591,6.783120939408325,6.5336524790197625,EU27
2026-05-14,6.6446848,8.487266554560591,6.73779691428369,6.514649952555374,EU27
2026-05-15,6.837778699999999,8.487266554560591,6.731243102133556,6.6832381602365505,EU27
2026-05-16,6.2461717,8.487266554560591,5.828150578005519,6.026923506142805,EU27
2026-05-17,6.2036612,8.487266554560591,5.5127837437376375,5.492863530930649,EU27
2026-05-18,7.1294169,8.487266554560591,6.443197540490453,6.980001960047476,EU27
2026-05-19,6.6484051,8.487266554560591,6.626429230804144,6.602568177018985,EU27
2026-05-20,5.9217546,8.487266554560591,6.649159108721565,7.024192317697151,EU27
2026-05-21,6.3338249,8.487266554560591,6.309134464631154,6.2597463030136336,EU27
2026-05-22,6.4862547,8.487266554560591,6.407399026245354,6.395290180654627,EU27
2026-05-23,5.5511329,8.487266554560591,6.043330321293152,5.8210993808341955,EU27
2026-05-24,5.2620758,8.487266554560591,5.500282490823504,5.528516733455811,EU27
2026-05-25,5.5561336,8.487266554560591,6.165651842626918,6.26279166603455,EU27
2026-05-26,5.6322675,8.487266554560591,6.207517052482282,6.092766609937959,EU27
2026-05-27,5.2230906,8.487266554560591,5.87878319112183,5.888113899594744,EU27
2026-05-28,6.1890345,8.487266554560591,6.100838852388996,6.066997949108685,EU27
2026-05-29,6.2621842,8.487266554560591,5.688391753315524,5.8938216868589315,EU27
2026-05-30,5.7182955,8.487266554560591,5.431499439354216,5.286247703463244,EU27
2026-05-31,5.4321585,8.487266554560591,5.465172368031043,5.390344439818067,EU27
2025-12-07,5.817463999999999,5.816391497352891,5.810070415077489,5.774109010534221,Russian Federation
2025-12-08,6.1336369,5.81213576912107,5.860092379238094,6.011294265230912,Russian Federation
2025-12-09,6.2302301,5.811981108127413,6.056376578866667,6.093459830743012,Russian Federation
2025-12-10,6.2297459,5.8126705407838815,6.0960527031833385,6.079965206185324,Russian Federation
2025-12-11,6.1267896,5.813126064129557,6.086390946183339,6.08443099660505,Russian Federation
2025-12-12,6.0369014,5.813280977532025,6.027967241816672,6.0294739354166875,Russian Federation
2025-12-13,6.0584206,5.813292872176381,5.957409732158336,5.906770506821321,Russian Federation
2025-12-14,6.0660364,5.8132716560237006,5.951700013283337,5.910594044862437,Russian Federation
2025-12-15,6.322852,5.8132563215361355,6.068019539857148,6.1236035299463385,Russian Federation
2025-12-16,6.2831048,5.813250738977428,6.087536861476194,6.0646694717554555,Russian Federation
2025-12-17,6.2333526,5.813250110872374,6.0883995756761955,6.105988493853282,Russian Federation
2025-12-18,6.1957387,5.813250751898236,6.087329396533338,6.080465053637814,Russian Federation
2025-12-19,6.1055497999999995,5.813251264796313,6.081882974676196,6.065886783771641,Russian Federation
2025-12-20,6.1511605000000005,5.813251464175144,5.98885078586667,5.963900616369299,Russian Federation
2025-12-21,6.0905939,5.813251493022469,6.097383269200004,6.03969057874231,Russian Federation
2025-12-22,6.1018038,5.813251474101379,6.0648487032000045,6.131758789074628,Russian Federation
2025-12-23,6.2661589,5.813251457060376,6.066774775857148,6.093799882561042,Russian Federation
2025-12-24,6.6360544,5.813251449997462,6.172354881857147,6.184177161721188,Russian Federation
2025-12-25,6.5220222,5.813251448767393,6.110513800000004,6.146774404516249,Russian Federation
2025-12-26,6.1448367,5.813251449308743,6.087761869000003,6.0419910527477345,Russian Federation
2025-12-27,6.1522768,5.813251449870976,6.052009483000003,5.985934141138842,Russian Federation
2025-12-28,6.0493223,5.813251450119301,6.046647140000002,5.9707326354686785,Russian Federation
2025-12-29,6.1651765,5.81325145016936,5.9743304927000045,6.127010672793911,Russian Federation
2025-12-30,6.0715964,5.813251450154544,6.081094474000004,6.0356213819563225,Russian Federation
2025-12-31,6.0390397,5.813251450136132,5.963684997533336,6.058414442959446,Russian Federation
2026-01-01,5.01996,5.813251450127463,5.934425458866671,5.692924877002396,Russian Federation
2026-01-02,5.3373739,5.813251450125491,5.061119985064542,4.740903155469152,Russian Federation
2026-01-03,5.3181816,5.813251450125869,5.167853968480338,4.980152858248163,Russian Federation
2026-01-04,5.2186608,5.813251450126467,5.203464591887354,5.08648077345242,Russian Federation
2026-01-05,5.1764435,5.813251450126767,5.327359615979525,5.222867735126064,Russian Federation
2026-01-06,5.2175685,5.813251450126843,5.241368988729525,5.068394780230766,Russian Federation
2026-01-07,5.1071968000000005,5.813251450126834,5.234017569616729,5.170753674184754,Russian Federation
2026-01-08,5.269989499999999,5.813251450126814,5.151777609613889,5.2125069777069335,Russian Federation
2026-01-09,5.368337299999999,5.8132514501268036,5.2489730951797275,5.338157449202246,Russian Federation
2026-01-10,5.3483632,5.813251450126801,5.259109779588813,5.318396437895123,Russian Federation
2026-01-11,5.3852525,5.813251450126801,5.235559472622145,5.275818306580711,Russian Federation
2026-01-12,5.4741818,5.813251450126802,5.410468464464233,5.479692785136573,Russian Federation
2026-01-13,5.609165900000001,5.813251450126802,5.5484834141955774,5.522946440877183,Russian Federation
2026-01-14,5.7462555,5.813251450126802,5.5784712641666685,5.617088600647595,Russian Federation
2026-01-15,5.9802465,5.813251450126802,5.6551106461678,5.7312324357531645,Russian Federation
2026-01-16,6.0849964,5.813251450126802,5.910160014666664,5.9101736504484625,Russian Federation
2026-01-17,6.1514028,5.813251450126802,5.928133829999997,5.937183370650042,Russian Federation
2026-01-18,6.0355134,5.813251450126802,6.001990370000001,5.888300509892195,Russian Federation
2026-01-19,5.9702713,5.813251450126802,5.940657932533332,5.98430732395888,Russian Federation
2026-01-20,5.9631684,5.813251450126802,5.93080222553333,5.856196455630355,Russian Federation
2026-01-21,5.9752264,5.813251450126802,5.952673495833332,5.856947346396901,Russian Federation
2026-01-22,6.1633053,5.813251450126802,5.9653595308,5.757924525132726,Russian Federation
2026-01-23,6.3084333,5.813251450126802,6.115246853000002,5.894172640352929,Russian Federation
2026-01-24,6.355073,5.813251450126802,6.031177314999997,5.77607681843821,Russian Federation
2026-01-25,6.3032992,5.813251450126802,6.025377099999999,5.756777650789629,Russian Federation
2026-01-26,6.3896362,5.813251450126802,6.060271390000001,5.921587331310172,Russian Federation
2026-01-27,6.1717141,5.813251450126802,6.060277196000002,5.890319302266239,Russian Federation
2026-01-28,5.9812464,5.813251450126802,6.076760853000001,5.882387257111315,Russian Federation
2026-01-29,5.968240499999999,5.813251450126802,5.931078307333336,5.68084811960144,Russian Federation
2026-01-30,5.9323293,5.813251450126802,5.932127211333334,5.62778132837804,Russian Federation
2026-01-31,5.9738549,5.813251450126802,5.891192494666663,5.6142174858217775,Russian Federation
2026-02-01,6.137356400000001,5.813251450126802,5.939432696533334,5.81950690788148,Russian Federation
2026-02-02,6.2721744,5.813251450126802,6.079889070542861,6.01505946090852,Russian Federation
2026-02-03,6.4028411,5.813251450126802,6.082843591333338,5.953468031044679,Russian Federation
2026-02-04,6.392585,5.813251450126802,6.076029281833337,5.979929189970236,Russian Federation
2026-02-05,6.4544839000000005,5.813251450126802,6.079670951833338,5.970647252662877,Russian Federation
2026-02-06,6.3548842,5.813251450126802,6.076007837833337,5.921066307609971,Russian Federation
2026-02-07,6.0799193,5.813251450126802,6.0355373642000005,5.861245198402911,Russian Federation
2026-02-08,5.917167,5.813251450126802,5.971263016533336,5.8498118317943355,Russian Federation
2026-02-09,5.962733399999999,5.813251450126802,5.941824822129363,5.921258957096526,Russian Federation
2026-02-10,6.017062299999999,5.813251450126802,6.0114289914000025,5.921054147839985,Russian Federation
2026-02-11,6.020943,5.813251450126802,6.001065989166672,5.954325388554559,Russian Federation
2026-02-12,5.9071163,5.813251450126802,5.934894516166671,5.8637136728633585,Russian Federation
2026-02-13,5.76554,5.813251450126802,5.860097274502522,5.6957415497129125,Russian Federation
2026-02-14,5.6016055,5.813251450126802,5.722149822377551,5.557421837026002,Russian Federation
2026-02-15,5.6123265,5.813251450126802,5.427797301994448,5.415779976829981,Russian Federation
2026-02-16,5.6949059,5.813251450126802,5.531651870283335,5.623482278879362,Russian Federation
2026-02-17,5.6897291,5.813251450126802,5.706247602235376,5.56890756863548,Russian Federation
2026-02-18,5.7868942,5.813251450126802,5.69941373373121,5.49471563834164,Russian Federation
2026-02-19,5.7801295,5.813251450126802,5.724481596118511,5.606387245541615,Russian Federation
2026-02-20,5.809245600000001,5.813251450126802,5.765794792194068,5.717022562571526,Russian Federation
2026-02-21,5.7578621000000005,5.813251450126802,5.803608941657936,5.782523970416302,Russian Federation
2026-02-22,5.6953489,5.813251450126802,5.719679121937122,5.63729877837712,Russian Federation
2026-02-23,5.6933359999999995,5.813251450126802,5.776580516162747,5.779808138016036,Russian Federation
2026-02-24,5.8048159,5.813251450126802,5.7530306127415365,5.712486463628866,Russian Federation
2026-02-25,5.8260845,5.813251450126802,5.809483281883266,5.827860959755603,Russian Federation
2026-02-26,6.0277995,5.813251450126802,5.841336702598415,5.829709559352552,Russian Federation
2026-02-27,5.9291279,5.813251450126802,5.9315117254880905,5.856157391137237,Russian Federation
2026-02-28,5.7677822,5.813251450126802,5.818676051438091,5.792021546834184,Russian Federation
2026-03-01,5.7774220000000005,5.813251450126802,5.67800278243045,5.600142476699983,Russian Federation
2026-03-02,5.7093308,5.813251450126802,5.758335436022236,5.7144665652430575,Russian Federation
2026-03-03,5.6831016000000005,5.813251450126802,5.707056767899896,5.721886967250945,Russian Federation
2026-03-04,5.667882199999999,5.813251450126802,5.690105307770605,5.640964761531117,Russian Federation
2026-03-05,5.697966,5.813251450126802,5.628233961781209,5.563599997828194,Russian Federation
2026-03-06,5.7802109,5.813251450126802,5.679931403059221,5.5069966110102975,Russian Federation
2026-03-07,5.6693134,5.813251450126802,5.738980986345962,5.647066378274467,Russian Federation
2026-03-08,5.5565387,5.813251450126802,5.667702792768186,5.5696711166150905,Russian Federation
2026-03-09,5.7499838,5.813251450126802,5.584074447700001,5.569680660140686,Russian Federation
2026-03-10,5.7450007,5.813251450126802,5.761536000829036,5.699284893392663,Russian Federation
2026-03-11,5.5355720999999996,5.813251450126802,5.768729576995701,5.725567192747681,Russian Federation
2026-03-12,5.3194463,5.813251450126802,5.518295289908466,5.473865358629513,Russian Federation
2026-03-13,5.272146299999999,5.813251450126802,5.222414520464615,5.272206753152406,Russian Federation
2026-03-14,5.1683378,5.813251450126802,5.200914314858786,5.225274806908119,Russian Federation
2026-03-15,5.105911300000001,5.813251450126802,5.197675052805734,5.199036955243372,Russian Federation
2026-03-16,5.2816331000000005,5.813251450126802,5.207717797438782,5.305960636399478,Russian Federation
2026-03-17,5.243790000000001,5.813251450126802,5.298785872314537,5.243407244133333,Russian Federation
2026-03-18,5.152943199999999,5.813251450126802,5.294424470756094,5.279531432878786,Russian Federation
2026-03-19,5.2337197,5.813251450126802,5.228404684886339,5.21600162609105,Russian Federation
2026-03-20,5.2006175,5.813251450126802,5.24883912571371,5.226639338063228,Russian Federation
2026-03-21,5.1191313,5.813251450126802,5.200662507831746,5.139371535123589,Russian Federation
2026-03-22,5.020404,5.813251450126802,5.027458693244447,5.033034707674257,Russian Federation
2026-03-23,4.9410118,5.813251450126802,5.134450494083586,5.130736164100271,Russian Federation
2026-03-24,4.8741899,5.813251450126802,4.969249240943641,4.925663380148169,Russian Federation
2026-03-25,4.84156,5.813251450126802,4.948178907530887,4.9049871855372915,Russian Federation
2026-03-26,4.8685174,5.813251450126802,4.809245487126407,4.827524098446405,Russian Federation
2026-03-27,4.8077104,5.813251450126802,4.9189662471106805,4.851000092788713,Russian Federation
2026-03-28,4.7176384,5.813251450126802,4.770714017386905,4.783876852819039,Russian Federation
2026-03-29,4.596107,5.813251450126802,4.762739087875003,4.696888874759717,Russian Federation
2026-03-30,4.5697822,5.813251450126802,4.547785645821433,4.653192780820194,Russian Federation
2026-03-31,4.5514774,5.813251450126802,4.530495843784177,4.528547863499842,Russian Federation
2026-04-01,4.7107696,5.813251450126802,4.576491767214479,4.600579315154291,Russian Federation
2026-04-02,4.8011956,5.813251450126802,4.724070191581321,4.725619177060902,Russian Federation
2026-04-03,4.8006201,5.813251450126802,4.766015782647982,4.766325659826138,Russian Federation
2026-04-04,4.7563357,5.813251450126802,4.758522615320235,4.742886310353223,Russian Federation
2026-04-05,4.7168629,5.813251450126802,4.771312482988095,4.698602007121799,Russian Federation
2026-04-06,4.8474327,5.813251450126802,4.835810503769051,4.82847485405925,Russian Federation
2026-04-07,4.859716000000001,5.813251450126802,4.820523963623654,4.825794800558702,Russian Federation
2026-04-08,4.258427299999999,5.813251450126802,4.8620136477880935,4.806064560203288,Russian Federation
2026-04-09,4.9991138,5.813251450126802,4.178307178832906,4.249625886138392,Russian Federation
2026-04-10,5.0687964,5.813251450126802,4.970965436086348,5.067916540858157,Russian Federation
2026-04-11,4.9671393,5.813251450126802,4.979228756586844,5.08620683702329,Russian Federation
2026-04-12,4.6104956,5.813251450126802,4.855497582388565,4.8602255491420285,Russian Federation
2026-04-13,4.6791943,5.813251450126802,4.603759275917213,4.703595955769724,Russian Federation
2026-04-14,4.5827672,5.813251450126802,4.612026122800002,4.630492227870561,Russian Federation
2026-04-15,4.4441218,5.813251450126802,4.581572132611905,4.617347158069257,Russian Federation
2026-04-16,4.6536845,5.813251450126802,4.484261735464409,4.41907785473563,Russian Federation
2026-04-17,4.6929514,5.813251450126802,4.549860562161906,4.531945854066482,Russian Federation
2026-04-18,4.6276351,5.813251450126802,4.668059888240479,4.58077248519563,Russian Federation
2026-04-19,4.6490868,5.813251450126802,4.553651126410365,4.472359206791693,Russian Federation
2026-04-20,4.7934982,5.813251450126802,4.625980155577925,4.7094012729880115,Russian Federation
2026-04-21,4.7550195,5.813251450126802,4.834809382142858,4.806822498771914,Russian Federation
2026-04-22,4.7104761,5.813251450126802,4.835125947601465,4.829311190866768,Russian Federation
2026-04-23,4.7604743,5.813251450126802,4.712985479653847,4.72216214848873,Russian Federation
2026-04-24,4.7860435,5.813251450126802,4.758595295575273,4.7713763217440865,Russian Federation
2026-04-25,4.6666951,5.813251450126802,4.747172387640751,4.738413985454781,Russian Federation
2026-04-26,4.4727223,5.813251450126802,4.603563035403846,4.588698729372285,Russian Federation
2026-04-27,4.6219626,5.813251450126802,4.5312528025758185,4.5969887391111195,Russian Federation
2026-04-28,4.642675799999999,5.813251450126802,4.532295436010908,4.552605155336132,Russian Federation
2026-04-29,4.601844799999999,5.813251450126802,4.5572553694394795,4.591516470486116,Russian Federation
2026-04-30,4.586516400000001,5.813251450126802,4.531735137344241,4.56361264224849,Russian Federation
2026-05-01,4.6490563,5.813251450126802,4.530910670535907,4.556775135216206,Russian Federation
2026-05-02,4.4352453,5.813251450126802,4.582745107190668,4.523446613561975,Russian Federation
2026-05-03,4.3253076,5.813251450126802,4.29721694797648,4.291347120049754,Russian Federation
2026-05-04,4.2375362999999995,5.813251450126802,4.422865085735987,4.488042631120539,Russian Federation
2026-05-05,4.0875449,5.813251450126802,4.2216773045058495,4.19249517939686,Russian Federation
2026-05-06,3.9884181,5.813251450126802,4.200397975044297,4.132512423239713,Russian Federation
2026-05-07,4.0271861,5.813251450126802,3.9825582043547594,4.039309566523877,Russian Federation
2026-05-08,4.0785203,5.813251450126802,3.966456693633331,4.007716677820523,Russian Federation
2026-05-09,4.0683454999999995,5.813251450126802,4.070139081257148,4.0018666251019255,Russian Federation
2026-05-10,4.0877974,5.813251450126802,4.050865692773655,3.969242713078989,Russian Federation
2026-05-11,4.1347964,5.813251450126802,4.29056277349553,4.259992504928628,Russian Federation
2026-05-12,4.1716560000000005,5.813251450126802,4.184521087899913,4.227330961721104,Russian Federation
2026-05-13,4.0534584,5.813251450126802,4.139400786370185,4.296655947543698,Russian Federation
2026-05-14,3.9924252,5.813251450126802,4.171921655301679,4.173548185525096,Russian Federation
2026-05-15,3.9596934999999998,5.813251450126802,3.982784112077521,3.9883377384840686,Russian Federation
2026-05-16,3.8137159,5.813251450126802,3.8237622231276207,3.9280637974295374,Russian Federation
2026-05-17,3.7360222,5.813251450126802,3.6832868632833335,3.7819851813701395,Russian Federation
2026-05-18,3.8076751,5.813251450126802,3.8787208139070843,4.024253835522051,Russian Federation
2026-05-19,3.7426696,5.813251450126802,3.900249497176341,3.9881128251270184,Russian Federation
2026-05-20,3.7284975,5.813251450126802,3.7746379641452377,3.9430561197641736,Russian Federation
2026-05-21,3.8085759,5.813251450126802,3.8017266401925376,3.885341880586294,Russian Federation
2026-05-22,3.8743393,5.813251450126802,3.8260912928999447,3.9467484282617535,Russian Federation
2026-05-23,3.8092517,5.813251450126802,3.780943898358337,3.8860714333666073,Russian Federation
2026-05-24,3.7399204999999998,5.813251450126802,3.668406486666669,3.79322793516215,Russian Federation
2026-05-25,3.9166679999999996,5.813251450126802,3.837973759787949,4.034497916185532,Russian Federation
2026-05-26,3.801031,5.813251450126802,3.897260528923166,3.882371286338843,Russian Federation
2026-05-27,3.7365449,5.813251450126802,3.8606953722370934,4.002720577638145,Russian Federation
2026-05-28,3.9236588,5.813251450126802,3.845867863944119,3.9052364848516223,Russian Federation
2026-05-29,4.1094327,5.813251450126802,3.905360329244039,3.99210853187517,Russian Federation
2026-05-30,3.9653037,5.813251450126802,3.947644576637032,3.9614889970555964,Russian Federation
2026-05-31,3.8567997000000003,5.813251450126802,3.8672178129799994,3.8557422285859833,Russian Federation
2025-12-07,2.9169283999999998,3.2013218586331145,3.0238310218881708,2.989520446455858,Japan
2025-12-08,3.1628804,3.1460061601329676,3.08761782363969,3.00984540690168,Japan
2025-12-09,3.4361588,3.1426244048890437,3.231756372082978,3.087051015839152,Japan
2025-12-10,3.4478179,3.1530607273642834,3.576067663076177,3.475701422966107,Japan
2025-12-11,3.2452082,3.1611637767412035,3.597475712764067,3.4155668508784975,Japan
2025-12-12,3.6357666,3.1644307171237918,3.2560530025766496,3.1971289364732067,Japan
2025-12-13,3.2725782,3.164845889983238,3.391809585566665,3.327665441413849,Japan
2025-12-14,3.2619947,3.1643806354028747,3.2609650505431893,3.2256890269522387,Japan
2025-12-15,3.5603203,3.163958174370784,3.436962569092857,3.3753616579922956,Japan
2025-12-16,3.5092507,3.16376959042185,3.6140440122201647,3.740513105294872,Japan
2025-12-17,3.3148724,3.1637351384391805,3.607320994666127,3.5885839686143663,Japan
2025-12-18,3.2497730000000002,3.1637546402742194,3.3194413674060432,3.399331786527408,Japan
2025-12-19,3.105362,3.163776296119539,3.2342790685321727,3.3824944999735447,Japan
2025-12-20,2.6401148,3.1637869698470644,3.085190367078571,2.9960876994609613,Japan
2025-12-21,2.6888376,3.1637894419885626,2.4731279831662705,2.6464393189231603,Japan
2025-12-22,3.2694629,3.163788704454518,3.0968273244957105,2.9636244785966013,Japan
2025-12-23,3.2769389,3.163787614729049,3.2476257121119056,3.294995115567411,Japan
2025-12-24,3.3002015,3.1637870211735715,3.245651425432287,3.303723194929306,Japan
2025-12-25,3.1665662,3.163786857179844,3.2414625911730184,3.3093929826169495,Japan
2025-12-26,3.6521849,3.163786879592068,3.0773139874498465,3.032784199273711,Japan
2025-12-27,3.3433459,3.163786933284471,3.3217517529333325,3.250673667620954,Japan
2025-12-28,2.9546311,3.163786965754657,3.234191165994913,3.1989072586665537,Japan
2025-12-29,2.682395,3.1637869760967536,3.1234986529611306,3.140869993335682,Japan
2025-12-30,2.4798817,3.163786975832244,2.8691185340104393,2.7557646016209247,Japan
2025-12-31,2.7196275,3.1637869732520185,2.771949924897251,2.6477510540767657,Japan
2026-01-01,2.6193653,3.1637869715035025,2.8224221047318787,2.8570878836297173,Japan
2026-01-02,2.9776124,3.1637869708745456,2.9013833801885345,2.905209836586228,Japan
2026-01-03,2.8751033,3.1637869708382635,2.922535407038463,2.780111166190327,Japan
2026-01-04,2.8600304000000003,3.1637869709584496,2.729828315404908,2.91045388416963,Japan
2026-01-05,3.1535842,3.163786971051149,3.07977231925936,3.285837954825233,Japan
2026-01-06,3.3579470000000002,3.163786971088339,3.248333806499049,3.3073010959443745,Japan
2026-01-07,3.4428088,3.16378697109296,3.35394779472678,3.451575889595956,Japan
2026-01-08,3.5292158,3.1637869710875894,3.517819637571924,3.6264302072226706,Japan
2026-01-09,3.4058677,3.163786971082753,3.56836604075887,3.467516216779377,Japan
2026-01-10,2.6477428,3.163786971080604,3.3036811830521344,3.0980457317629386,Japan
2026-01-11,3.1122029,3.1637869710802167,2.4789122487145896,2.578677754757805,Japan
2026-01-12,3.3908582000000003,3.1637869710804427,3.303042223353039,3.28534303075566,Japan
2026-01-13,3.1495381,3.163786971080691,3.370208562637128,3.3225628581611937,Japan
2026-01-14,3.3659086,3.1637869710808126,3.148121819978221,3.0410809233437286,Japan
2026-01-15,3.1755467,3.1637869710808406,3.2929660884981553,3.298242582609233,Japan
2026-01-16,3.0399656,3.163786971080832,3.113518706026254,3.02857620127883,Japan
2026-01-17,2.5689333,3.1637869710808197,2.9503816406880485,2.829591387618865,Japan
2026-01-18,2.7423561,3.163786971080813,2.5088584236010942,2.4909513614256142,Japan
2026-01-19,2.9946202,3.1637869710808113,2.995607237694154,3.100704920407874,Japan
2026-01-20,3.5941902000000003,3.1637869710808117,3.2051674051364962,3.2988544044594392,Japan
2026-01-21,3.8258156,3.163786971080812,3.5979143736940657,3.5843384175440907,Japan
2026-01-22,3.9517718000000004,3.1637869710808126,3.7703247714196424,3.7744483620333735,Japan
2026-01-23,3.7451738999999997,3.1637869710808126,3.8162379474166657,3.786526433056461,Japan
2026-01-24,3.3738889,3.1637869710808126,3.400004042400001,3.3599633317486752,Japan
2026-01-25,3.5742184,3.1637869710808126,3.213021654340711,3.3484444221046057,Japan
2026-01-26,3.8229565,3.1637869710808126,3.5905200089561213,3.702395498868867,Japan
2026-01-27,3.5954854999999997,3.1637869710808126,3.7271610493436484,3.753721780562609,Japan
2026-01-28,3.6531188,3.1637869710808126,3.4337739454041367,3.6617242143736077,Japan
2026-01-29,3.7281878,3.1637869710808126,3.484522116035517,3.4870474125514312,Japan
2026-01-30,3.6811084,3.1637869710808126,3.6181985322906836,3.653618245894382,Japan
2026-01-31,3.3127587000000003,3.1637869710808126,3.3904816741499992,3.507333809624196,Japan
2026-02-01,3.3734584,3.1637869710808126,3.3114523728360403,3.3127275317268423,Japan
2026-02-02,3.6904167,3.1637869710808126,3.5063071250158737,3.4066193099527395,Japan
2026-02-03,3.6491588,3.1637869710808126,3.6939193622428963,3.6616217898149155,Japan
2026-02-04,3.4043145999999997,3.1637869710808126,3.6055882758105953,3.668290363359686,Japan
2026-02-05,3.3004411,3.1637869710808126,3.382227813332505,3.368693095614239,Japan
2026-02-06,3.2283884,3.1637869710808126,3.2376090425472883,3.2461279450703375,Japan
2026-02-07,3.7861627,3.1637869710808126,3.118391435676013,2.957957195708414,Japan
2026-02-08,4.3250921,3.1637869710808126,3.5987709433333297,3.6748403292065204,Japan
2026-02-09,4.0626543999999996,3.1637869710808126,3.9941998589999956,4.240618695197895,Japan
2026-02-10,3.6983101,3.1637869710808126,3.964033605166664,4.199430830851354,Japan
2026-02-11,3.6023544000000003,3.1637869710808126,3.658289587364176,3.72419297790981,Japan
2026-02-12,3.4350941,3.1637869710808126,3.5602785136232415,3.63880394385286,Japan
2026-02-13,3.1936657,3.1637869710808126,3.5134118853599454,3.5501720803444416,Japan
2026-02-14,2.6813261,3.1637869710808126,3.0854908516452957,2.9637973518529033,Japan
2026-02-15,2.4259997,3.1637869710808126,2.7576310008050444,2.5998665915911405,Japan
2026-02-16,3.1797023,3.1637869710808126,2.9904949002551295,2.7570178284876623,Japan
2026-02-17,3.3909971,3.1637869710808126,3.2187260217588753,3.247065151393968,Japan
2026-02-18,3.1675987,3.1637869710808126,3.3081248459141417,3.2871988923300375,Japan
2026-02-19,3.6319292,3.1637869710808126,3.124635500283091,3.1032677642021804,Japan
2026-02-20,3.4736873,3.1637869710808126,3.5689577085164528,3.5306522267083915,Japan
2026-02-21,2.7634973,3.1637869710808126,3.1730075142352927,3.13939778963708,Japan
2026-02-22,2.2485284,3.1637869710808126,2.581201121717497,2.754772005106065,Japan
2026-02-23,2.5986365,3.1637869710808126,2.5181801369082994,2.7140415703177694,Japan
2026-02-24,2.8399938,3.1637869710808126,2.8048325130499996,2.9300962299044504,Japan
2026-02-25,3.208301,3.1637869710808126,2.923969565592426,2.8458390639356264,Japan
2026-02-26,2.9842322,3.1637869710808126,3.1055363400007963,3.245751690458031,Japan
2026-02-27,2.5761128,3.1637869710808126,2.9197369279966794,2.926659808343281,Japan
2026-02-28,2.1167066,3.1637869710808126,2.423929306276206,2.4153519868902795,Japan
2026-03-01,2.3977376,3.1637869710808126,2.162783794496452,2.3381931935793783,Japan
2026-03-02,3.0854191999999996,3.1637869710808126,2.728728786017537,2.670744918330686,Japan
2026-03-03,3.4884478000000003,3.1637869710808126,3.229066496025418,3.338463922452341,Japan
2026-03-04,3.3343541,3.1637869710808126,3.5075762639240002,3.5319893103464635,Japan
2026-03-05,3.2307474000000003,3.1637869710808126,3.2990684746993093,3.3816834806933813,Japan
2026-03-06,3.1347462,3.1637869710808126,3.0715252021796275,2.989007431428412,Japan
2026-03-07,2.9101817,3.1637869710808126,3.098902885428005,3.0369251273352234,Japan
2026-03-08,3.1371133,3.1637869710808126,2.6889381736572076,2.801113420610513,Japan
2026-03-09,3.3156350999999997,3.1637869710808126,3.2783739401688052,3.1653862532383306,Japan
2026-03-10,3.6426237,3.1637869710808126,3.2018825774471993,3.2112172939889203,Japan
2026-03-11,3.3176136,3.1637869710808126,3.5733126603758456,3.5399842802486714,Japan
2026-03-12,3.2008788999999997,3.1637869710808126,3.2169849123746106,3.2305425327411657,Japan
2026-03-13,3.3863802,3.1637869710808126,3.00562938452833,3.0181782631107876,Japan
2026-03-14,2.6327513,3.1637869710808126,3.244582551618009,3.101766111787902,Japan
2026-03-15,2.7075823999999997,3.1637869710808126,2.4563362390823915,2.605362283795389,Japan
2026-03-16,2.98896,3.1637869710808126,2.9766710347439833,3.036316899244451,Japan
2026-03-17,2.9077775999999997,3.1637869710808126,3.07804733224836,3.185704184212959,Japan
2026-03-18,3.048327,3.1637869710808126,2.9283754917104705,2.924358006641076,Japan
2026-03-19,2.7672341,3.1637869710808126,3.069723655202686,3.151770940130991,Japan
2026-03-20,2.7752409,3.1637869710808126,2.6359820091584645,2.702457662043742,Japan
2026-03-21,2.9071553000000003,3.1637869710808126,2.504280678562679,2.522084532619932,Japan
2026-03-22,2.5549134000000002,3.1637869710808126,2.745351019049592,2.8440488447874643,Japan
2026-03-23,2.7713888,3.1637869710808126,2.903477163578799,2.991907877838853,Japan
2026-03-24,2.733368,3.1637869710808126,2.8750356106815,2.965651127795514,Japan
2026-03-25,2.7878214,3.1637869710808126,2.8045377792658246,2.8983223571072503,Japan
2026-03-26,2.74108,3.1637869710808126,2.8291784410216905,3.001138314276009,Japan
2026-03-27,2.4685004,3.1637869710808126,2.6090238675102144,2.810030206501403,Japan
2026-03-28,2.4426304,3.1637869710808126,2.394347828173745,2.3075029064228496,Japan
2026-03-29,2.1439768999999997,3.1637869710808126,2.3997540447929167,2.4580311409121625,Japan
2026-03-30,1.9830843999999999,3.1637869710808126,2.4615288603033436,2.546505550729293,Japan
2026-03-31,2.2976094,3.1637869710808126,2.1137650685103897,2.262551505095765,Japan
2026-04-01,2.8780441,3.1637869710808126,2.3319531029974807,2.326865412564329,Japan
2026-04-02,2.6310214,3.1637869710808126,2.628213376197753,2.6599553039910098,Japan
2026-04-03,2.186109,3.1637869710808126,2.5750413415066333,2.4557112894041384,Japan
2026-04-04,2.2864692,3.1637869710808126,2.0982711996492633,2.0197181909432484,Japan
2026-04-05,1.9304659,3.1637869710808126,2.173013127738859,2.2135389268792798,Japan
2026-04-06,2.1745408,3.1637869710808126,2.179933905331418,2.161466325731753,Japan
2026-04-07,2.6740013,3.1637869710808126,2.23114752636714,2.2683110967990157,Japan
2026-04-08,2.1097612999999997,3.1637869710808126,2.7815359692186155,2.7132105961443806,Japan
2026-04-09,2.4990291,3.1637869710808126,2.1945132058567562,2.107852870492134,Japan
2026-04-10,2.40802,3.1637869710808126,2.350397360302088,2.4200306612864773,Japan
2026-04-11,1.7307198,3.1637869710808126,2.1702434410477016,2.1505798603860047,Japan
2026-04-12,1.8954337,3.1637869710808126,1.8999135648123333,1.9714119618603472,Japan
2026-04-13,2.2010575,3.1637869710808126,2.158345280867727,2.1702557261953723,Japan
2026-04-14,2.2588971,3.1637869710808126,2.313636293714042,2.3035097686229036,Japan
2026-04-15,2.3639615999999997,3.1637869710808126,2.15719386382939,2.1924688968086232,Japan
2026-04-16,2.1008409,3.1637869710808126,2.3512168202374464,2.339649312408461,Japan
2026-04-17,2.0912969,3.1637869710808126,2.150796338284231,2.059197536018969,Japan
2026-04-18,1.7796225,3.1637869710808126,1.8935426339250268,1.8360791610759533,Japan
2026-04-19,1.8580981,3.1637869710808126,1.916657728727143,1.8210096132131506,Japan
2026-04-20,2.0539663,3.1637869710808126,2.0792502016866665,2.025940946889804,Japan
2026-04-21,2.0982137,3.1637869710808126,2.0806843270485937,2.1170748121712633,Japan
2026-04-22,2.2614986999999998,3.1637869710808126,2.1667856184492242,2.15065619085427,Japan
2026-04-23,2.6036862999999997,3.1637869710808126,2.1868675639978674,2.249894338030245,Japan
2026-04-24,2.1394863,3.1637869710808126,2.5563684981813006,2.47988300687665,Japan
2026-04-25,1.8402025,3.1637869710808126,1.8915049671461301,1.8668522766241793,Japan
2026-04-26,1.8944298000000002,3.1637869710808126,1.8582500912108455,1.8676559088328344,Japan
2026-04-27,2.1685732,3.1637869710808126,2.1291400634625575,2.107552480391464,Japan
2026-04-28,2.0026201,3.1637869710808126,2.1949778277772922,2.2365879710297656,Japan
2026-04-29,2.107516,3.1637869710808126,2.1174727896298813,2.0831170157170873,Japan
2026-04-30,2.3211403,3.1637869710808126,2.1961680135212713,2.1006492095335045,Japan
2026-05-01,1.9218747,3.1637869710808126,2.140257958982398,2.1338138676620706,Japan
2026-05-02,1.6072251,3.1637869710808126,1.8597987383108037,1.7682570648638238,Japan
2026-05-03,1.6362475,3.1637869710808126,1.8384980021469948,1.7967097438353603,Japan
2026-05-04,1.6743180999999998,3.1637869710808126,2.003273405757505,1.9289469917803712,Japan
2026-05-05,1.6183472,3.1637869710808126,1.9609870520097692,1.8877781733749337,Japan
2026-05-06,1.7465836000000001,3.1637869710808126,1.890884772306809,1.7906209567663036,Japan
2026-05-07,1.8832354999999998,3.1637869710808126,1.8168610083701906,1.9613835394795158,Japan
2026-05-08,2.055888,3.1637869710808126,1.8044472315567501,1.9899420479608043,Japan
2026-05-09,1.8446777,3.1637869710808126,1.825038977243206,1.8595798518158357,Japan
2026-05-10,1.7594303,3.1637869710808126,1.750445900656133,1.9721256238434024,Japan
2026-05-11,1.95958,3.1637869710808126,2.0942251032068255,2.1269943912670795,Japan
2026-05-12,2.0099255,3.1637869710808126,2.112614289533343,2.1640194664129067,Japan
2026-05-13,2.0996893,3.1637869710808126,1.9717387686907477,2.138139076590578,Japan
2026-05-14,2.1359453999999998,3.1637869710808126,1.9856408831609529,1.96567314911778,Japan
2026-05-15,1.9904472,3.1637869710808126,2.107266190160077,2.0617310913012714,Japan
2026-05-16,1.762499,3.1637869710808126,1.887787568994953,1.8151180238535145,Japan
2026-05-17,1.7903767,3.1637869710808126,1.8930713824732623,1.8415711915202904,Japan
2026-05-18,2.0737933,3.1637869710808126,2.126458482613295,2.0967809171922713,Japan
2026-05-19,2.2179771,3.1637869710808126,2.2104516137741435,2.11328770682121,Japan
2026-05-20,2.4010754,3.1637869710808126,2.14043257731716,2.1474179458170344,Japan
2026-05-21,2.4930077,3.1637869710808126,2.2558847434003577,2.3000640901224414,Japan
2026-05-22,2.2562709,3.1637869710808126,2.3768726268035123,2.411295007063921,Japan
2026-05-23,1.8916599,3.1637869710808126,1.9069028384690403,1.8713079013955771,Japan
2026-05-24,1.8552252,3.1637869710808126,1.8702458157683453,1.913258566594211,Japan
2026-05-25,2.1204195,3.1637869710808126,2.1346058245899253,1.9940094420251318,Japan
2026-05-26,2.2624727,3.1637869710808126,2.212731722123939,2.165860905916966,Japan
2026-05-27,2.36111105,3.1637869710808126,2.32473681665703,2.3802033492225845,Japan
2026-05-28,2.36767801,3.1637869710808126,2.36008535715422,2.318656098848935,Japan
2026-05-29,1.9942733,3.1637869710808126,2.204076451925073,2.2335039638963807,Japan
2026-05-30,1.7542967699999998,3.1637869710808126,1.9274518227660287,1.8355342119442752,Japan
2026-05-31,1.844803929,3.1637869710808126,1.9110049552094808,1.8961373488119397,Japan
2025-12-07,1.1851175999999999,1.4207192054172895,1.182998157612825,1.1885280565265606,Brazil
2025-12-08,1.2720099,1.420868722260904,1.2211655684540839,1.2338398139023417,Brazil
2025-12-09,1.2300712930000002,1.3984057147692326,1.3050158194336288,1.2984086255949276,Brazil
2025-12-10,1.36855346,1.3993398631194887,1.2633742785453075,1.3012321311156088,Brazil
2025-12-11,1.3136083219999999,1.3899297109708642,1.412538745991002,1.3976284245848658,Brazil
2025-12-12,1.2778499,1.3906847280401258,1.2997587185962507,1.3249551778093938,Brazil
2025-12-13,1.2451559948,1.38672853436683,1.3181823165826247,1.2821913490227008,Brazil
2025-12-14,1.2628857,1.387197139615447,1.1868508540427063,1.1974023527604385,Brazil
2025-12-15,1.2292246,1.3855280189592538,1.333425563181977,1.2682234494085414,Brazil
2025-12-16,1.1736386948,1.385788345707005,1.2359698171707771,1.231158339588648,Brazil
2025-12-17,1.3272871,1.385081712369975,1.1821229781585574,1.276616529981158,Brazil
2025-12-18,1.470051,1.3852177710628852,1.3921003451417755,1.3668826574345354,Brazil
2025-12-19,1.2929277000000001,1.3849176100309255,1.4311382825415964,1.4306854600595413,Brazil
2025-12-20,1.20334885,1.384986036629044,1.3036899108009568,1.2532240579329044,Brazil
2025-12-21,1.0867258,1.3848581227476424,1.1855308774065185,1.1011905591814202,Brazil
2025-12-22,1.09601367,1.3848916415687214,1.1950005861364343,1.193231523412973,Brazil
2025-12-23,1.016331903,1.3848369618013796,1.1352564613034104,1.0724150749967847,Brazil
2025-12-24,1.08237805472,1.384853071370916,1.0920129017750382,1.1511428542048852,Brazil
2025-12-25,0.8890090581,1.3848296281066392,1.141197479369313,1.131145361247927,Brazil
2025-12-26,0.7182536,1.3848372604885202,1.09699873648382,0.9935197550341915,Brazil
2025-12-27,0.9666289113000001,1.3848271813234205,0.9970544161771581,0.9384128408392911,Brazil
2025-12-28,0.956860554459,1.3848307575024217,0.9653940061651031,0.87461766910944,Brazil
2025-12-29,0.9727872154,1.3848264126421659,1.1212684869810927,1.1777471011852942,Brazil
2025-12-30,0.7439795745,1.3848280736126701,0.9241458151522511,0.8330736366334053,Brazil
2025-12-31,0.87589072307,1.3848261960261146,0.9351013328294563,0.9031915331621679,Brazil
2026-01-01,0.5734887000000001,1.3848269620217006,0.9166472761270914,0.9300634054406379,Brazil
2026-01-02,0.889442534,1.3848261487705216,0.8661237140567346,0.8551333844484659,Brazil
2026-01-03,0.9811730200000001,1.3848264999844355,0.9178150440685107,0.9438405418331922,Brazil
2026-01-04,1.0042258000000002,1.384826146981529,0.9385715750216533,0.878802678778643,Brazil
2026-01-05,1.1811187,1.3848263072439384,0.9594922423623196,0.9888776413033324,Brazil
2026-01-06,1.0406985,1.3848261537149347,1.0969219618813062,0.9266379331502869,Brazil
2026-01-07,0.7994583,1.3848262265512756,1.008497738055901,1.032635461157881,Brazil
2026-01-08,1.05115946,1.3848261596563676,1.0062978241558573,1.0947183363019513,Brazil
2026-01-09,1.064721257,1.3848261926473397,0.9753539755101255,1.01831443019832,Brazil
2026-01-10,1.07583681,1.3848261634515093,0.993692265154548,1.0487634251062472,Brazil
2026-01-11,1.11045451,1.3848261783518134,0.9998279328068763,1.042765188208167,Brazil
2026-01-12,1.21130852,1.3848261655900236,1.2094190156262585,1.2167928862334745,Brazil
2026-01-13,1.15032971,1.384826172303243,1.1830763260497534,1.1356493213648162,Brazil
2026-01-14,0.99411328,1.3848261667171693,1.0942883281089901,1.1105310523464544,Brazil
2026-01-15,1.244327379,1.3848261697354083,0.9828968039499848,1.0660733232659092,Brazil
2026-01-16,1.2728898,1.384826167287185,1.1949484816850322,1.1715580890941928,Brazil
2026-01-17,1.311199771,1.3848261686417196,1.1974048001739463,1.2305886449596797,Brazil
2026-01-18,1.3856453499999999,1.3848261675674993,1.2099447973324589,1.2022500819001596,Brazil
2026-01-19,1.42687826,1.3848261681744405,1.3624370977469469,1.3418468143004871,Brazil
2026-01-20,1.3901147,1.3848261677026097,1.4026786930055153,1.3805511865786813,Brazil
2026-01-21,1.3643983,1.3848261679741996,1.4239384508198125,1.359672636262218,Brazil
2026-01-22,1.5289040999999999,1.3848261677667628,1.3858549818922532,1.3782212851112308,Brazil
2026-01-23,1.5555663,1.3848261678881486,1.566739445834912,1.515956914023865,Brazil
2026-01-24,1.2763137,1.3848261677968736,1.5045442495426389,1.4271950375722469,Brazil
2026-01-25,1.179711,1.3848261678510707,1.2810210918990612,1.246426102531864,Brazil
2026-01-26,1.30535221,1.384826167810878,1.2761829340257318,1.1962117968075658,Brazil
2026-01-27,1.37661982,1.3848261678350544,1.336442407345026,1.309875787067671,Brazil
2026-01-28,1.20488927,1.3848261678173437,1.483548662308151,1.4400112185552136,Brazil
2026-01-29,1.46518289,1.38482616782812,1.259656220349224,1.2425137746259824,Brazil
2026-01-30,1.3501349999999999,1.3848261678203109,1.4586557147011041,1.478231728123209,Brazil
2026-01-31,1.27521093,1.3848261678251108,1.2883854826500436,1.215250804112465,Brazil
2026-02-01,1.2692297,1.3848261678216658,1.2292374712041318,1.2376194924379733,Brazil
2026-02-02,1.29460281,1.3848261678238025,1.3098935400564655,1.2963095411402639,Brazil
2026-02-03,1.216882863,1.384826167822282,1.3072396731241829,1.3072019173697718,Brazil
2026-02-04,1.19354947,1.3848261678232328,1.209108631983859,1.2395001018015805,Brazil
2026-02-05,1.409869219,1.3848261678225613,1.241153694531291,1.2019580059522508,Brazil
2026-02-06,1.4772543217,1.384826167822984,1.387154152112565,1.3624343777769563,Brazil
2026-02-07,1.2318776020000002,1.3848261678226874,1.413642185657641,1.2537362854544298,Brazil
2026-02-08,1.1714036,1.3848261678228753,1.169009853392656,1.064066217896863,Brazil
2026-02-09,1.20139234,1.3848261678227443,1.1826795029436714,1.1331785286592513,Brazil
2026-02-10,1.19130018,1.3848261678228277,1.2031553354801425,1.114800588253154,Brazil
2026-02-11,1.0471436769999998,1.3848261678227698,1.1792942408599287,1.2318214121797912,Brazil
2026-02-12,1.0572432578,1.3848261678228069,1.13795255674586,1.121535645350668,Brazil
2026-02-13,0.916164194,1.3848261678227813,1.1465878137685603,1.118513313544247,Brazil
2026-02-14,1.173000044,1.3848261678227978,1.150677116353666,1.121142355309723,Brazil
2026-02-15,1.272287406,1.3848261678227864,1.146793539826372,1.1205757756437702,Brazil
2026-02-16,1.2133859346,1.3848261678227938,1.3340751374874626,1.2877121354966081,Brazil
2026-02-17,1.1330964281,1.3848261678227887,1.204959449151629,1.1920891321193994,Brazil
2026-02-18,1.108353978,1.384826167822792,1.0206933254425836,1.1059887304984752,Brazil
2026-02-19,1.4588967,1.3848261678227898,1.0451629878979696,1.101966685792898,Brazil
2026-02-20,1.35061187549,1.384826167822791,1.3629940491797223,1.4086702654342993,Brazil
2026-02-21,1.2693167687,1.3848261678227902,1.2050930613379918,1.2145163083137722,Brazil
2026-02-22,1.243068577,1.3848261678227909,1.2517157817804179,1.260770362702262,Brazil
2026-02-23,1.3421145550000002,1.3848261678227904,1.2387426510318065,1.2156453529633,Brazil
2026-02-24,1.26470216567,1.3848261678227907,1.2265893216465276,1.2579771543255966,Brazil
2026-02-25,1.1336614999999999,1.3848261678227904,1.2175480703338564,1.1829031648838222,Brazil
2026-02-26,1.354898426,1.3848261678227907,1.204774321143058,1.1547304755757712,Brazil
2026-02-27,1.2913633,1.3848261678227907,1.2910479856374177,1.2930240256550043,Brazil
2026-02-28,1.3133959,1.3848261678227907,1.3002438701921648,1.3338958046422251,Brazil
2026-03-01,1.2946742,1.3848261678227907,1.277988781507032,1.2298106155950126,Brazil
2026-03-02,1.33712017,1.3848261678227907,1.3069690288934397,1.3195268921679781,Brazil
2026-03-03,1.2465581545,1.3848261678227907,1.2965787628649594,1.2690341515682617,Brazil
2026-03-04,1.1175065,1.3848261678227907,1.1966061588746626,1.2174779072300408,Brazil
2026-03-05,1.3290448000000001,1.3848261678227907,1.2080919543785893,1.1734158314754117,Brazil
2026-03-06,1.2541932,1.3848261678227907,1.2919069356453659,1.2799178112496794,Brazil
2026-03-07,1.0980665,1.3848261678227907,1.2597146639621237,1.308004087796531,Brazil
2026-03-08,1.069097632,1.3848261678227907,1.1893782980153718,1.1176687884755845,Brazil
2026-03-09,1.22483779,1.3848261678227907,1.2163898851313144,1.2436321712679705,Brazil
2026-03-10,1.164606,1.3848261678227907,1.2105414502660075,1.197110157830094,Brazil
2026-03-11,1.0636088000000001,1.3848261678227907,1.1408373097955187,1.1732097494374147,Brazil
2026-03-12,1.41856266,1.3848261678227907,1.1971259694777043,1.1463996580140232,Brazil
2026-03-13,1.4373820000000002,1.3848261678227907,1.3642291790746066,1.342156722272612,Brazil
2026-03-14,1.4154294,1.3848261678227907,1.409410837936803,1.438973995944136,Brazil
2026-03-15,1.35037878,1.3848261678227907,1.3788008395140516,1.326453150586243,Brazil
2026-03-16,1.418956503,1.3848261678227907,1.2755485846734278,1.2472792597982414,Brazil
2026-03-17,1.335324551,1.3848261678227907,1.3792156196446548,1.2907827147542323,Brazil
2026-03-18,1.18278142,1.3848261678227907,1.2845255629014543,1.264400171780976,Brazil
2026-03-19,1.416283049,1.3848261678227907,1.226724863825127,1.199622830797005,Brazil
2026-03-20,1.451161058,1.3848261678227907,1.4169584395163772,1.3871424492624111,Brazil
2026-03-21,1.24014664,1.3848261678227907,1.3630166116605247,1.3311220328982838,Brazil
2026-03-22,1.21644227,1.3848261678227907,1.1818693177684265,1.1612386698716568,Brazil
2026-03-23,1.4102092,1.3848261678227907,1.2834079478491813,1.2208908629076922,Brazil
2026-03-24,1.26744303035,1.3848261678227907,1.4185715659836762,1.3730713885689514,Brazil
2026-03-25,1.1166183600000001,1.3848261678227907,1.2591367389411436,1.268917891972948,Brazil
2026-03-26,1.316076412,1.3848261678227907,1.2242087180398717,1.1258111548052567,Brazil
2026-03-27,1.3401254420000002,1.3848261678227907,1.2911092528716788,1.2531211992756335,Brazil
2026-03-28,1.3069242,1.3848261678227907,1.2916664645195817,1.2752815451158055,Brazil
2026-03-29,1.26741674,1.3848261678227907,1.273226436754178,1.1607279742150975,Brazil
2026-03-30,1.04122258,1.3848261678227907,1.3074618035274912,1.3321856432192634,Brazil
2026-03-31,1.00196719,1.3848261678227907,1.1898844242963227,1.1006674892241388,Brazil
2026-04-01,1.2232637,1.3848261678227907,1.1146920509767593,1.1212830462037267,Brazil
2026-04-02,1.63734567,1.3848261678227907,1.226868013949417,1.2484274605016528,Brazil
2026-04-03,1.54302112,1.3848261678227907,1.6913017720824033,1.5766502493292214,Brazil
2026-04-04,1.34110414,1.3848261678227907,1.3941304257780787,1.4011492680333963,Brazil
2026-04-05,1.23039236,1.3848261678227907,1.3007927442334435,1.2090982324579238,Brazil
2026-04-06,1.33870045,1.3848261678227907,1.1246091750735625,1.0805336197612827,Brazil
2026-04-07,1.184541455,1.3848261678227907,1.2624663912687801,1.2198135593547599,Brazil
2026-04-08,1.1049712,1.3848261678227907,1.2205205436548145,1.2505007153429513,Brazil
2026-04-09,1.3789617,1.3848261678227907,1.2301880895153507,1.4244637060356145,Brazil
2026-04-10,1.4917193000000002,1.3848261678227907,1.4065453109367612,1.4128170630478585,Brazil
2026-04-11,1.5162787999999998,1.3848261678227907,1.4253678923943685,1.3201364291248288,Brazil
2026-04-12,1.3997126,1.3848261678227907,1.4258726310739454,1.3371635891973588,Brazil
2026-04-13,1.2028302,1.3848261678227907,1.4303183814346039,1.4066663223102747,Brazil
2026-04-14,1.04263,1.3848261678227907,1.1810071494202132,1.126572338944963,Brazil
2026-04-15,1.1367496,1.3848261678227907,1.1360594250868437,1.089960974140527,Brazil
2026-04-16,1.43326,1.3848261678227907,1.1641390542328083,1.1455813788594291,Brazil
2026-04-17,1.4015236,1.3848261678227907,1.4151203986338865,1.4040718558434362,Brazil
2026-04-18,1.3540962,1.3848261678227907,1.3967250683784453,1.3587946453128799,Brazil
2026-04-19,1.3380068999999999,1.3848261678227907,1.3121716121899698,1.259530861844884,Brazil
2026-04-20,1.355595,1.3848261678227907,1.280193824033654,1.3008267848628268,Brazil
2026-04-21,1.3371095,1.3848261678227907,1.2442196996079964,1.2389665217251549,Brazil
2026-04-22,1.063863,1.3848261678227907,1.2794606702753628,1.3018550109925913,Brazil
2026-04-23,1.1957886,1.3848261678227907,1.2257141957725357,1.0959286013678478,Brazil
2026-04-24,1.2590662,1.3848261678227907,1.2338289644939473,1.1936946638311325,Brazil
2026-04-25,1.2519315,1.3848261678227907,1.2572402288879723,1.2586466881629845,Brazil
2026-04-26,1.2178234,1.3848261678227907,1.251706199273603,1.2606668887091426,Brazil
2026-04-27,1.3202428,1.3848261678227907,1.2337081339804414,1.2801704862169097,Brazil
2026-04-28,1.3842432999999998,1.3848261678227907,1.3066790687953287,1.327595655598643,Brazil
2026-04-29,1.1330776,1.3848261678227907,1.425034612356747,1.427467964222513,Brazil
2026-04-30,1.3729242,1.3848261678227907,1.1895620173296801,1.1430735694745713,Brazil
2026-05-01,1.3069920000000002,1.3848261678227907,1.3949650693935114,1.3862232234344884,Brazil
2026-05-02,0.9035399000000001,1.3848261678227907,1.319262324556024,1.3495284271937245,Brazil
2026-05-03,1.221303,1.3848261678227907,1.0684771771199657,1.040524037637088,Brazil
2026-05-04,1.1054624,1.3848261678227907,1.2040351397441436,1.2613647868282394,Brazil
2026-05-05,1.079688769,1.3848261678227907,1.1262201841384398,1.1487212988457147,Brazil
2026-05-06,0.8547913205000001,1.3848261678227907,1.12087462115131,1.1893428006787816,Brazil
2026-05-07,1.0568315514,1.3848261678227907,1.1058837898260088,1.1958110592795037,Brazil
2026-05-08,1.0924817,1.3848261678227907,1.106086005578306,1.1637620549855707,Brazil
2026-05-09,1.2129801,1.3848261678227907,0.9778606022003814,1.0327757225589613,Brazil
2026-05-10,1.4906973,1.3848261678227907,1.2127947830722723,1.2092992156399915,Brazil
2026-05-11,1.8746586,1.3848261678227907,1.4456576704723825,1.460721601982148,Brazil
2026-05-12,1.7410062000000002,1.3848261678227907,2.0794897061333324,2.0555797293664195,Brazil
2026-05-13,1.5451104,1.3848261678227907,1.715258081116558,1.767436872669963,Brazil
2026-05-14,1.5680642,1.3848261678227907,1.612328928988685,1.5509007149898852,Brazil
2026-05-15,1.6061359,1.3848261678227907,1.6795767312285337,1.611743974468364,Brazil
2026-05-16,1.2660897,1.3848261678227907,1.5346953985870961,1.493042752905518,Brazil
2026-05-17,1.237906,1.3848261678227907,1.254378933708237,1.231887617007008,Brazil
2026-05-18,1.3895563,1.3848261678227907,1.4260901386786258,1.5481146323483301,Brazil
2026-05-19,1.4503442,1.3848261678227907,1.4521881749006533,1.6480137456556005,Brazil
2026-05-20,1.2719247,1.3848261678227907,1.4818054150956936,1.5683061561505534,Brazil
2026-05-21,1.8878579,1.3848261678227907,1.3943693779534936,1.4208397354305928,Brazil
2026-05-22,2.0512601,1.3848261678227907,2.093562393999999,2.1316259821071237,Brazil
2026-05-23,1.7861243,1.3848261678227907,1.9598775337777783,1.9791162559928415,Brazil
2026-05-24,1.632162,1.3848261678227907,1.7312913097272633,1.7033337323823383,Brazil
2026-05-25,1.7251552,1.3848261678227907,1.6281883184643424,1.6067925958160036,Brazil
2026-05-26,1.7492126000000001,1.3848261678227907,1.6846179556974203,1.6475002968372803,Brazil
2026-05-27,1.5893433000000001,1.3848261678227907,1.7242829922920706,1.6583720179526102,Brazil
2026-05-28,2.0993213,1.3848261678227907,1.6417764145868678,1.7370566891508057,Brazil
2026-05-29,2.0834569,1.3848261678227907,2.0139879995000007,2.1677926074080176,Brazil
2026-05-30,2.0507503,1.3848261678227907,1.9180875253333334,1.9812828098530288,Brazil
2026-05-31,1.8263374,1.3848261678227907,1.9096993723999998,1.9673680241168596,Brazil
2025-12-07,0.9771571700000001,1.1338735026387061,0.866977818795167,0.8282102755681761,United Kingdom
2025-12-08,0.93084203,1.1059410037051396,1.0417004333309487,1.0795907290572238,United Kingdom
2025-12-09,0.82001831,1.094384423528007,0.9675392007674531,0.9437931662716842,United Kingdom
2025-12-10,0.86225011,1.0906465676259678,0.9217333056778813,1.0227555387022866,United Kingdom
2025-12-11,1.0047197799999998,1.0898728612776087,0.9200861480792579,0.8885221959550733,United Kingdom
2025-12-12,1.22019237,1.0899449572249342,0.9430923005887358,0.9355413119423823,United Kingdom
2025-12-13,0.9754230500000001,1.0901318754062552,1.0779997585343315,1.050681563290997,United Kingdom
2025-12-14,0.8908115400000001,1.090257858885785,0.8908496124839766,0.838376703135528,United Kingdom
2025-12-15,1.1004627,1.090318900010723,0.9980554547586347,0.9589897130473548,United Kingdom
2025-12-16,1.26267737,1.0903423629527025,1.0888072633149581,1.0944099451073337,United Kingdom
2025-12-17,1.18112724,1.0903492044063992,1.2295391909709128,1.227520716876384,United Kingdom
2025-12-18,0.97139268,1.0903502217419916,1.1667310941437736,1.1631891030959611,United Kingdom
2025-12-19,1.0058439300000002,1.0903497944516831,0.9397441509186661,0.9885483808969165,United Kingdom
2025-12-20,1.0638306100000001,1.0903493024420954,0.8920405366903437,0.8592506563480329,United Kingdom
2025-12-21,1.0402420700000001,1.090349011816818,0.9119170581306022,0.9235507927214666,United Kingdom
2025-12-22,1.02228313,1.0903488814997435,1.1139543784961348,1.0867576579110747,United Kingdom
2025-12-23,0.93394124,1.0903488351470534,1.099782284438458,1.0601960040383778,United Kingdom
2025-12-24,0.90776807,1.0903488233098007,0.9575048231928261,0.9837715034881009,United Kingdom
2025-12-25,0.838251005,1.0903488225430422,0.9378182868007628,0.8519923959556527,United Kingdom
2025-12-26,0.84873886,1.0903488240180768,0.9180033570962128,0.7908187582166154,United Kingdom
2025-12-27,0.88960835,1.0903488252427684,0.8567269275479324,0.8217919950419771,United Kingdom
2025-12-28,1.14815351,1.0903488258951757,0.8620693461216853,0.7673703862841857,United Kingdom
2025-12-29,1.15259647,1.0903488261669712,1.148293548574869,1.1419237431807168,United Kingdom
2025-12-30,1.1113101300000001,1.090348826255662,1.1150544748581381,1.1198733815718993,United Kingdom
2025-12-31,1.02790919,1.0903488262744372,1.1443300054991152,1.148341862853405,United Kingdom
2026-01-01,0.85899992,1.0903488262730352,1.0349171419384862,1.0118625417797869,United Kingdom
2026-01-02,0.90628964,1.0903488262687568,0.9408715433028473,0.9523829471664114,United Kingdom
2026-01-03,0.89085275,1.0903488262658303,0.864267319474369,0.890088199356018,United Kingdom
2026-01-04,1.04468559,1.0903488262644014,0.8809985119797417,0.9109302225281142,United Kingdom
2026-01-05,1.48134768,1.0903488262638483,1.133509369697959,1.1024418512660892,United Kingdom
2026-01-06,1.5206874099999999,1.0903488262636853,1.395844305385228,1.442411850840309,United Kingdom
2026-01-07,1.2923424700000001,1.09034882626366,1.424112489151299,1.5033579717259409,United Kingdom
2026-01-08,1.4148313,1.0903488262636694,1.2396411812040726,1.2385169554742514,United Kingdom
2026-01-09,1.22024329,1.0903488262636807,1.3150423944427283,1.3477915765178858,United Kingdom
2026-01-10,1.25567209,1.0903488262636873,1.0884507543672786,1.0466846519284498,United Kingdom
2026-01-11,1.1408535899999999,1.0903488262636905,1.1813209745832685,1.1408626881993167,United Kingdom
2026-01-12,1.12042133,1.0903488262636916,1.1717050513668226,1.0396354843094353,United Kingdom
2026-01-13,1.1049725700000002,1.0903488262636918,1.159135468924808,1.0832917851986152,United Kingdom
2026-01-14,1.12834759,1.0903488262636918,1.1552274737999186,1.2071093244607842,United Kingdom
2026-01-15,1.1764228,1.0903488262636918,1.066190127245233,1.1367639055020633,United Kingdom
2026-01-16,1.23376206,1.0903488262636918,1.145788952236289,1.1887814809740551,United Kingdom
2026-01-17,1.16600424,1.0903488262636918,1.1996201118913101,1.2392832575187696,United Kingdom
2026-01-18,1.10701098,1.0903488262636918,1.1280623944213928,1.1623995634233546,United Kingdom
2026-01-19,1.2488427,1.0903488262636918,1.1753137677691743,1.2483202779618525,United Kingdom
2026-01-20,1.05727258,1.0903488262636918,1.230217194127677,1.3029543854680508,United Kingdom
2026-01-21,0.87284942,1.0903488262636918,1.1549201963751181,1.1903564480013125,United Kingdom
2026-01-22,0.94513289,1.0903488262636918,0.9483858198878505,0.8930447501728693,United Kingdom
2026-01-23,0.91106388,1.0903488262636918,0.9608780476284606,0.8724359514600336,United Kingdom
2026-01-24,0.87905018,1.0903488262636918,0.8521284709116698,0.8706530265423723,United Kingdom
2026-01-25,0.97304703,1.0903488262636918,0.8334443520848389,0.8640340312155012,United Kingdom
2026-01-26,1.21823609,1.0903488262636918,1.029196584502898,1.0514031501066305,United Kingdom
2026-01-27,1.0325364399999999,1.0903488262636918,1.1606396541061184,1.1676629388404351,United Kingdom
2026-01-28,1.23895493,1.0903488262636918,1.1283261987380524,1.0951496745532638,United Kingdom
2026-01-29,1.2506673,1.0903488262636918,1.189817384871842,1.230127510231721,United Kingdom
2026-01-30,1.00224001,1.0903488262636918,1.1728091740504722,1.2082565947385582,United Kingdom
2026-01-31,0.99430077,1.0903488262636918,0.9344997740373312,0.9327171464479969,United Kingdom
2026-02-01,1.1046068,1.0903488262636918,0.9222056442538061,0.9191219652290066,United Kingdom
2026-02-02,1.05469856,1.0903488262636918,1.154152390653146,1.1498225932835318,United Kingdom
2026-02-03,1.0763611100000001,1.0903488262636918,1.1574471735112735,1.0935929624416687,United Kingdom
2026-02-04,1.1956853,1.0903488262636918,1.1177728974646723,1.1541623565404548,United Kingdom
2026-02-05,1.11212198,1.0903488262636918,1.162647887149518,1.191789047745502,United Kingdom
2026-02-06,1.23430517,1.0903488262636918,1.117202536655375,1.2822900688834746,United Kingdom
2026-02-07,1.15970527,1.0903488262636918,1.1557788705316527,1.0958355203163457,United Kingdom
2026-02-08,1.15534975,1.0903488262636918,1.1109568971605563,1.1355807579875195,United Kingdom
2026-02-09,1.29018335,1.0903488262636918,1.1776956818885393,1.2811778724112344,United Kingdom
2026-02-10,1.23102571,1.0903488262636918,1.29641870336159,1.3693080727785172,United Kingdom
2026-02-11,1.1687757699999999,1.0903488262636918,1.227210614319516,1.3017471573724178,United Kingdom
2026-02-12,1.19584478,1.0903488262636918,1.154463133677314,1.1967599886905014,United Kingdom
2026-02-13,2.0252507399999997,1.0903488262636918,1.165119959854093,1.1636758663315654,United Kingdom
2026-02-14,1.3625052100000001,1.0903488262636918,1.3080463175285721,1.1958366604112052,United Kingdom
2026-02-15,1.0828215399999999,1.0903488262636918,1.1911261555303037,1.131127889639954,United Kingdom
2026-02-16,1.12368367,1.0903488262636918,1.1543031230869878,1.1765906096151315,United Kingdom
2026-02-17,1.25591855,1.0903488262636918,1.216208354526612,1.074257740775905,United Kingdom
2026-02-18,1.11736353,1.0903488262636918,1.2494550799771844,1.2049520715392843,United Kingdom
2026-02-19,1.3557335799999999,1.0903488262636918,1.147957523039767,1.0471367148140371,United Kingdom
2026-02-20,1.15072773,1.0903488262636918,1.2160526963814284,1.1072452736084712,United Kingdom
2026-02-21,0.92656727,1.0903488262636918,1.0605110897807937,1.0922728967586557,United Kingdom
2026-02-22,0.8103457000000001,1.0903488262636918,0.8658005815371161,0.8519866667644546,United Kingdom
2026-02-23,0.91094723,1.0903488262636918,0.9325320436563896,0.9178194895136906,United Kingdom
2026-02-24,1.04272809,1.0903488262636918,0.9669830270807079,0.9789966239437732,United Kingdom
2026-02-25,0.9314977499999999,1.0903488262636918,1.1494344045679357,1.1256618146378048,United Kingdom
2026-02-26,0.7809528800000001,1.0903488262636918,0.9425484752259057,0.9478877033078521,United Kingdom
2026-02-27,1.02919373,1.0903488262636918,0.8982292258498619,0.901160278757105,United Kingdom
2026-02-28,1.0507764800000001,1.0903488262636918,0.9278188319550601,1.0109261238099578,United Kingdom
2026-03-01,0.8500137299999999,1.0903488262636918,0.8799011288243271,0.8879661918233598,United Kingdom
2026-03-02,0.91804998,1.0903488262636918,1.0093699880411828,0.9459590136509597,United Kingdom
2026-03-03,1.20173215,1.0903488262636918,0.9820004761040623,0.9540506302763253,United Kingdom
2026-03-04,1.03706876,1.0903488262636918,1.1093426365084205,1.1293874656203966,United Kingdom
2026-03-05,1.0199459800000001,1.0903488262636918,0.9775611826982161,0.9415882541169779,United Kingdom
2026-03-06,1.3425180399999999,1.0903488262636918,0.9472565744056827,0.9878756913137859,United Kingdom
2026-03-07,1.20596919,1.0903488262636918,1.2474323076989173,1.2410428675531562,United Kingdom
2026-03-08,1.20772105,1.0903488262636918,1.064160314192066,1.060673234105375,United Kingdom
2026-03-09,1.3279853400000001,1.0903488262636918,1.1355591952062771,1.176378724325975,United Kingdom
2026-03-10,0.97950683,1.0903488262636918,1.2990268956427675,1.2605758249951904,United Kingdom
2026-03-11,0.8097037,1.0903488262636918,1.0784317347457693,1.0739618963088184,United Kingdom
2026-03-12,0.84061416,1.0903488262636918,0.9381174320938683,0.9268675330629504,United Kingdom
2026-03-13,0.94666119,1.0903488262636918,0.9025199218798248,0.864084289468849,United Kingdom
2026-03-14,1.09216257,1.0903488262636918,0.8834920548730695,0.903582648691222,United Kingdom
2026-03-15,0.8513502199999999,1.0903488262636918,1.0828748000948603,1.1021796105008144,United Kingdom
2026-03-16,0.96620951,1.0903488262636918,1.0413251643586512,0.9749082506161464,United Kingdom
2026-03-17,0.89832776,1.0903488262636918,0.9987232956087863,1.0011265791910107,United Kingdom
2026-03-18,0.91287192,1.0903488262636918,0.9859387251730896,0.9439536769228547,United Kingdom
2026-03-19,1.1029016600000001,1.0903488262636918,0.9338422582408293,0.9679705709270913,United Kingdom
2026-03-20,1.0876785,1.0903488262636918,1.064336180462638,1.061557574933245,United Kingdom
2026-03-21,0.99913682,1.0903488262636918,1.0597827003745839,0.9697429368597827,United Kingdom
2026-03-22,0.88941866,1.0903488262636918,0.8759484784318146,0.9087958679158532,United Kingdom
2026-03-23,1.08989781,1.0903488262636918,1.0359082966833928,1.0366222062783672,United Kingdom
2026-03-24,0.76454092,1.0903488262636918,1.176617951066835,1.1672993993038434,United Kingdom
2026-03-25,0.70385757,1.0903488262636918,0.9257396899824046,0.8367916366339497,United Kingdom
2026-03-26,1.03589506,1.0903488262636918,0.8344661608065569,0.8442992397530172,United Kingdom
2026-03-27,0.9782714100000001,1.0903488262636918,0.929863444620094,0.9054788881337441,United Kingdom
2026-03-28,0.8417257899999999,1.0903488262636918,0.8790590475542045,0.878068727821569,United Kingdom
2026-03-29,0.85560956,1.0903488262636918,0.8176080873655703,0.8281861311949904,United Kingdom
2026-03-30,0.85754133,1.0903488262636918,0.9896402638380725,0.966902166194807,United Kingdom
2026-03-31,1.08052225,1.0903488262636918,0.9378461445659112,0.8911441477185822,United Kingdom
2026-04-01,1.17871357,1.0903488262636918,1.077117623186006,1.0589500975468735,United Kingdom
2026-04-02,1.06572187,1.0903488262636918,1.1561789845715014,1.1284379178570358,United Kingdom
2026-04-03,0.83999932,1.0903488262636918,0.9102830402766579,0.9321777764118605,United Kingdom
2026-04-04,0.83947885,1.0903488262636918,0.7902868949522908,0.8250173110051233,United Kingdom
2026-04-05,0.79543392,1.0903488262636918,0.8214059768608037,0.7855094178849693,United Kingdom
2026-04-06,0.8348621900000001,1.0903488262636918,0.9669767189268383,0.961917392244685,United Kingdom
2026-04-07,0.78188952,1.0903488262636918,0.931241357758274,0.953571280320595,United Kingdom
2026-04-08,0.9604014999999999,1.0903488262636918,0.8775099390044943,0.8588822921658072,United Kingdom
2026-04-09,0.80339003,1.0903488262636918,0.9324516096003861,0.9136983623844601,United Kingdom
2026-04-10,0.9632370699999999,1.0903488262636918,0.8251793762566605,0.8340840970062687,United Kingdom
2026-04-11,0.85119526,1.0903488262636918,0.8295057314843995,0.8326755530395765,United Kingdom
2026-04-12,0.96190954,1.0903488262636918,0.7655708450106765,0.8314207654590358,United Kingdom
2026-04-13,1.2602700900000001,1.0903488262636918,0.992644088770351,1.0440852573160277,United Kingdom
2026-04-14,1.11012547,1.0903488262636918,1.202736795702168,1.1386888754848474,United Kingdom
2026-04-15,0.86581281,1.0903488262636918,1.1025182145919086,1.1151981192517932,United Kingdom
2026-04-16,0.98932419,1.0903488262636918,0.8832580524435784,0.8764533875228199,United Kingdom
2026-04-17,0.90250013,1.0903488262636918,0.927501665476539,0.9434532225312484,United Kingdom
2026-04-18,0.88111382,1.0903488262636918,0.8216541865116811,0.8139446942241133,United Kingdom
2026-04-19,0.87364586,1.0903488262636918,0.8281326991157373,0.8326210297170475,United Kingdom
2026-04-20,1.02798935,1.0903488262636918,0.9719703470420442,0.9588211011337715,United Kingdom
2026-04-21,0.8108073,1.0903488262636918,1.0622623583402628,1.0817357199142876,United Kingdom
2026-04-22,0.72399553,1.0903488262636918,0.9200515340677677,0.9381565758054375,United Kingdom
2026-04-23,0.88031551,1.0903488262636918,0.8713211601876759,0.8443509125402113,United Kingdom
2026-04-24,0.9883798000000001,1.0903488262636918,0.8910115454463052,0.866979801445942,United Kingdom
2026-04-25,0.87472671,1.0903488262636918,0.8739209006490966,0.8680624772589982,United Kingdom
2026-04-26,0.85300508,1.0903488262636918,0.8030155570771105,0.8168863528134392,United Kingdom
2026-04-27,1.01446761,1.0903488262636918,1.0143253361960591,0.9824379804999057,United Kingdom
2026-04-28,0.74746096,1.0903488262636918,1.0121576586453627,1.0083823317758827,United Kingdom
2026-04-29,0.64218776,1.0903488262636918,0.8719648960195889,0.8457452518707886,United Kingdom
2026-04-30,0.70717143,1.0903488262636918,0.8744494810540285,0.811108295140066,United Kingdom
2026-05-01,0.77031737,1.0903488262636918,0.7813528958731001,0.7467702678478516,United Kingdom
2026-05-02,0.81654228,1.0903488262636918,0.7479774839794172,0.7078133866874964,United Kingdom
2026-05-03,0.86192684,1.0903488262636918,0.7783026904228407,0.7656029616841524,United Kingdom
2026-05-04,1.01315322,1.0903488262636918,1.0099513394502144,0.9942263807974718,United Kingdom
2026-05-05,1.02011067,1.0903488262636918,0.9976739409793665,0.9820945320774696,United Kingdom
2026-05-06,0.94801832,1.0903488262636918,1.0313108465041445,0.9961119143184634,United Kingdom
2026-05-07,1.04884932,1.0903488262636918,0.922720138621102,0.9189438299785812,United Kingdom
2026-05-08,1.09162362,1.0903488262636918,0.8831917500522465,0.9115036996821485,United Kingdom
2026-05-09,0.82167676,1.0903488262636918,1.0001246265791082,0.9555736851139498,United Kingdom
2026-05-10,0.74736207,1.0903488262636918,0.7930706992279926,0.7799724496344668,United Kingdom
2026-05-11,0.8756448,1.0903488262636918,0.8926142663911557,0.8761623616147719,United Kingdom
2026-05-12,0.78526875,1.0903488262636918,0.9233648050121737,0.9352863963847217,United Kingdom
2026-05-13,0.8187978499999999,1.0903488262636918,0.8626539537746134,0.8836922784206236,United Kingdom
2026-05-14,0.89467029,1.0903488262636918,0.8842340363780999,0.8803066181434177,United Kingdom
2026-05-15,0.90929439,1.0903488262636918,0.9094001099155983,0.9061098673055362,United Kingdom
2026-05-16,0.9434757300000001,1.0903488262636918,0.799664962178551,0.8204041005124627,United Kingdom
2026-05-17,0.86435971,1.0903488262636918,0.8262793996959482,0.7981905765019248,United Kingdom
2026-05-18,1.08745241,1.0903488262636918,0.9932972351528742,0.9831879179713563,United Kingdom
2026-05-19,0.74464236,1.0903488262636918,1.0896948065016423,1.0254532783493788,United Kingdom
2026-05-20,0.73406594,1.0903488262636918,0.862090876976214,0.8248627790824891,United Kingdom
2026-05-21,0.86528071,1.0903488262636918,0.881825925925785,0.791955235321183,United Kingdom
2026-05-22,0.82564166,1.0903488262636918,0.8951565266301276,0.8738000754419656,United Kingdom
2026-05-23,0.79995308,1.0903488262636918,0.8232739269118764,0.8103691569092564,United Kingdom
2026-05-24,0.79776889,1.0903488262636918,0.799330450998525,0.7792690735825564,United Kingdom
2026-05-25,0.7987087199999999,1.0903488262636918,0.940471019594889,0.9045169692572175,United Kingdom
2026-05-26,0.93580265,1.0903488262636918,0.8698438796984196,0.8714657645991484,United Kingdom
2026-05-27,0.73625947,1.0903488262636918,0.9065109516516394,0.9550806385559775,United Kingdom
2026-05-28,0.68043031,1.0903488262636918,0.7735031310157772,0.7728933665777761,United Kingdom
2026-05-29,0.8053930499999999,1.0903488262636918,0.7321872590352675,0.8240045613133274,United Kingdom
2026-05-30,0.82218512,1.0903488262636918,0.798519093441448,0.7665226587155751,United Kingdom
2026-05-31,0.7955739,1.0903488262636918,0.7994646188733361,0.8026983358261214,United Kingdom
2025-12-07,32.31451,33.364701043962796,32.37751826279754,32.14398236425304,ROW
2025-12-08,31.856479,33.11235805380639,32.94018361317416,33.00396502286023,ROW
2025-12-09,32.450474,33.051598112299835,32.209059357351606,31.844623738394958,ROW
2025-12-10,32.75107,33.063558325439914,32.83227138862408,32.92952501068655,ROW
2025-12-11,32.723501999999996,33.084812634415655,33.08920797592489,33.04677397100116,ROW
2025-12-12,33.810392,33.096942999622094,33.00601555908729,33.030601399787756,ROW
2025-12-13,33.136741,33.10078156009651,33.22601670351039,33.91376055246652,ROW
2025-12-14,31.862688999999996,33.10084082570379,32.48992628761753,32.62012150272309,ROW
2025-12-15,33.067504,33.100061157239125,32.14900553025953,32.250708295021646,ROW
2025-12-16,33.180238,33.099509716526285,33.374600789619585,33.288845871186766,ROW
2025-12-17,34.014647,33.0992953375909,33.43812874355365,33.51943600777706,ROW
2025-12-18,34.295559000000004,33.09926508546734,33.89704123921096,34.16493362944915,ROW
2025-12-19,34.538389,33.09929001125184,33.7839493399228,33.67010077829047,ROW
2025-12-20,34.1264,33.09931370301851,33.44763503113936,33.70492074388428,ROW
2025-12-21,33.016486,33.09932474589813,32.59300356964289,32.72778882442234,ROW
2025-12-22,33.738406,33.09932731188923,33.30648050932792,33.56716010468554,ROW
2025-12-23,34.166242,33.09932672426407,34.043138405383736,34.55817689545508,ROW
2025-12-24,33.605396,33.09932576963254,34.05545680016666,34.136851421117676,ROW
2025-12-25,32.100249000000005,33.09932523558276,33.97612185219045,34.131317170098335,ROW
2025-12-26,31.228485,33.09932507062569,32.93095187155158,32.70174842887792,ROW
2025-12-27,31.965829999999997,33.099325070807424,31.573556632020853,30.8695398845786,ROW
2025-12-28,31.369027,33.09932510619818,31.614051439833343,31.93988662991718,ROW
2025-12-29,31.525047,33.099325130615235,32.33337608827484,32.265947704589514,ROW
2025-12-30,32.033666,33.099325139922065,32.37888024101963,32.22282314220631,ROW
2025-12-31,32.465450000000004,33.09932514113335,32.62536875809351,32.487270923188646,ROW
2026-01-01,30.429019,33.09932513998073,32.56027478950801,32.65081654642329,ROW
2026-01-02,31.886813,33.09932513892528,30.94056669395115,30.790684450655846,ROW
2026-01-03,33.174791,33.09932513844235,31.259692510812673,31.10708266883298,ROW
2026-01-04,33.149383,33.09932513833427,32.08499584182088,32.36093233780703,ROW
2026-01-05,34.253002,33.09932513836283,32.914984412130956,33.167866395139875,ROW
2026-01-06,33.81397,33.09932513840567,33.18668235916668,33.829158922670594,ROW
2026-01-07,32.759161,33.099325138429165,33.61323314244689,33.795009180558466,ROW
2026-01-08,33.155388,33.09932513843624,32.597023312654756,32.335693224587686,ROW
2026-01-09,33.569625,33.09932513843611,33.013417688857075,32.77105420677122,ROW
2026-01-10,32.275413,33.0993251384345,33.43501261397024,33.34288616154642,ROW
2026-01-11,31.974581,33.09932513843342,31.838172336111114,32.3373318055806,ROW
2026-01-12,33.419356,33.09932513843302,32.87656745341919,33.380148238776435,ROW
2026-01-13,32.755801,33.09932513843297,33.38029288032131,33.24984246164265,ROW
2026-01-14,31.987568,33.09932513843302,33.053599245194434,32.96458852534894,ROW
2026-01-15,34.572326000000004,33.099325138433066,32.56382790721819,32.75973990176795,ROW
2026-01-16,34.795792,33.09932513843309,33.6502709140238,34.227896770097104,ROW
2026-01-17,34.450455000000005,33.099325138433095,33.37241023666668,34.05676897555528,ROW
2026-01-18,33.544421,33.099325138433095,32.525782122500026,33.03125527485931,ROW
2026-01-19,34.044081,33.099325138433095,33.53594808452367,34.121953686528954,ROW
2026-01-20,35.487257,33.099325138433095,33.6981130157729,33.912744763902175,ROW
2026-01-21,35.354033,33.099325138433095,33.38011216866666,34.03175238888922,ROW
2026-01-22,35.503381,33.099325138433095,33.91761064627381,34.2959175692616,ROW
2026-01-23,35.727907,33.099325138433095,33.88398862235714,33.54547540223971,ROW
2026-01-24,35.478264,33.099325138433095,33.64065349785713,33.56674235234086,ROW
2026-01-25,34.707903,33.099325138433095,33.12797775583335,32.93162183250044,ROW
2026-01-26,34.658689,33.099325138433095,34.049134172940484,34.37533255039215,ROW
2026-01-27,34.989266,33.099325138433095,33.93381729833333,34.04502555398952,ROW
2026-01-28,34.129252,33.099325138433095,33.92343724166665,34.04502555398952,ROW
2026-01-29,35.13345,33.099325138433095,34.040096575750006,34.08948873005356,ROW
2026-01-30,36.123635,33.099325138433095,34.01620585116666,34.0125866905998,ROW
2026-01-31,35.196332,33.099325138433095,33.65965015785714,33.33964359632198,ROW
2026-02-01,33.253578,33.099325138433095,33.17060619666668,32.94329895729898,ROW
2026-02-02,33.320009,33.099325138433095,33.62342514519116,33.977827683414375,ROW
2026-02-03,33.217344,33.099325138433095,33.64201696519117,33.827401127084876,ROW
2026-02-04,33.404409,33.099325138433095,33.48752726609727,34.07018981246197,ROW
2026-02-05,33.977209,33.099325138433095,33.559036480403286,34.106375324259865,ROW
2026-02-06,34.693107,33.099325138433095,33.95555225312636,33.98234897528951,ROW
2026-02-07,33.401942,33.099325138433095,33.61060431285714,33.25438031044879,ROW
2026-02-08,32.88881,33.099325138433095,32.34932148485579,32.4629631581981,ROW
2026-02-09,33.139731,33.099325138433095,33.31585664236905,33.233757142101545,ROW
2026-02-10,33.873537,33.099325138433095,33.52188968198021,33.891349527938196,ROW
2026-02-11,32.554913,33.099325138433095,33.867894912228955,34.02349704792984,ROW
2026-02-12,32.990411,33.099325138433095,32.91868300847832,32.83438379414769,ROW
2026-02-13,33.1999,33.099325138433095,33.36188976308401,33.436765631169884,ROW
2026-02-14,33.214545,33.099325138433095,33.24860198507935,33.18955462239739,ROW
2026-02-15,32.436522,33.099325138433095,32.27435025800002,31.544590922960477,ROW
2026-02-16,32.60504,33.099325138433095,32.607239479945086,33.162775341420044,ROW
2026-02-17,32.059847,33.099325138433095,32.742480175620564,32.86092339676386,ROW
2026-02-18,32.838955999999996,33.099325138433095,32.466592247259804,32.30746975911309,ROW
2026-02-19,33.373118,33.099325138433095,32.92059260128947,32.544846121293986,ROW
2026-02-20,33.662856000000005,33.099325138433095,33.399475794549055,33.17345747842492,ROW
2026-02-21,33.603001,33.099325138433095,33.36612806652244,33.25539716825034,ROW
2026-02-22,32.360695,33.099325138433095,32.60568653749316,32.81061691823004,ROW
2026-02-23,32.213806,33.099325138433095,32.59383246653631,32.90146688494743,ROW
2026-02-24,33.038650000000004,33.099325138433095,32.450958437976695,32.68851297584987,ROW
2026-02-25,32.460524,33.099325138433095,33.26172675457211,33.15877922858003,ROW
2026-02-26,34.01744,33.099325138433095,32.63037300303005,32.80338615409675,ROW
2026-02-27,34.578261,33.099325138433095,33.75873468477189,34.08872129743285,ROW
2026-02-28,33.927786,33.099325138433095,33.48088751,34.094450126394264,ROW
2026-03-01,32.386666,33.099325138433095,32.836066610826485,32.78970615834754,ROW
2026-03-02,32.134141,33.099325138433095,32.701387584507394,33.10700709037335,ROW
2026-03-03,32.118996,33.099325138433095,32.76167613374966,32.43232955103309,ROW
2026-03-04,30.823245,33.099325138433095,32.5701844245523,32.17309067164725,ROW
2026-03-05,32.713483,33.099325138433095,30.71718975730346,30.716119298854338,ROW
2026-03-06,32.416745,33.099325138433095,32.83005205579365,33.058094972263234,ROW
2026-03-07,30.788047000000002,33.099325138433095,32.198461988011495,32.78372094926558,ROW
2026-03-08,31.482338,33.099325138433095,29.67932997800706,30.03292809086229,ROW
2026-03-09,31.043423,33.099325138433095,31.86443287890017,31.704956684033757,ROW
2026-03-10,32.160953,33.099325138433095,31.400326255780637,30.947897007301332,ROW
2026-03-11,32.299037,33.099325138433095,32.19084648060124,32.07023869103286,ROW
2026-03-12,32.059286,33.099325138433095,32.29850044419513,32.42561761351866,ROW
2026-03-13,33.336581,33.099325138433095,31.974812450559888,31.844422848415817,ROW
2026-03-14,32.218709,33.099325138433095,32.55604113292802,32.32430166022944,ROW
2026-03-15,31.961356,33.099325138433095,31.27765498861935,30.97959275906699,ROW
2026-03-16,30.894816,33.099325138433095,32.17491980818773,32.23374562686449,ROW
2026-03-17,31.396833,33.099325138433095,31.543648896262436,31.387671911529278,ROW
2026-03-18,30.96126,33.099325138433095,31.685328487944215,31.553246476626022,ROW
2026-03-19,31.71276,33.099325138433095,31.207210627986182,31.34320434548984,ROW
2026-03-20,29.370323,33.099325138433095,31.766203468002228,31.365263745240917,ROW
2026-03-21,30.095905000000002,33.099325138433095,28.8855504060747,29.01519197565079,ROW
2026-03-22,30.610859,33.099325138433095,29.3101845123779,29.162745069768675,ROW
2026-03-23,29.976615,33.099325138433095,30.970030945749464,30.345891951777958,ROW
2026-03-24,30.604689,33.099325138433095,30.84384632012761,30.762861537041964,ROW
2026-03-25,30.616467,33.099325138433095,31.004945096171905,30.618179573885318,ROW
2026-03-26,30.859875,33.099325138433095,30.603137247085762,30.744976035618635,ROW
2026-03-27,30.543631,33.099325138433095,30.74701853349542,30.64726774698256,ROW
2026-03-28,30.789864,33.099325138433095,30.60596460980682,29.546518366687703,ROW
2026-03-29,29.602128,33.099325138433095,30.625294550515736,29.349005602084134,ROW
2026-03-30,28.167116999999998,33.099325138433095,30.090152662297747,30.414046450631936,ROW
2026-03-31,29.185180999999996,33.099325138433095,29.0590128286901,29.227304975596397,ROW
2026-04-01,30.480113,33.099325138433095,29.641026651832544,29.8074705650828,ROW
2026-04-02,31.472288,33.099325138433095,30.79204870803984,30.5979932035754,ROW
2026-04-03,30.275074000000004,33.099325138433095,31.253417271693106,31.176531684768822,ROW
2026-04-04,30.653962,33.099325138433095,29.805860620275556,30.04145943424591,ROW
2026-04-05,30.509043,33.099325138433095,29.19740788815004,29.264064061156688,ROW
2026-04-06,30.394565,33.099325138433095,30.48829399635406,30.987282765305356,ROW
2026-04-07,31.31396,33.099325138433095,30.503436380154074,30.545984122193698,ROW
2026-04-08,27.550252999999998,33.099325138433095,31.957038592598902,31.50616136273553,ROW
2026-04-09,30.972008000000002,33.099325138433095,29.422560092646012,29.23189396287107,ROW
2026-04-10,30.18574,33.099325138433095,30.857439563386546,30.858371550959408,ROW
2026-04-11,29.390112,33.099325138433095,29.809702236208445,29.81471737157831,ROW
2026-04-12,28.49705,33.099325138433095,28.06669334571031,28.043092660600152,ROW
2026-04-13,28.30559,33.099325138433095,29.267570937106402,29.720213327252825,ROW
2026-04-14,28.533641,33.099325138433095,29.45893623382775,29.482507084440318,ROW
2026-04-15,28.698050000000002,33.099325138433095,29.315776188931988,29.645600654246373,ROW
2026-04-16,29.871991,33.099325138433095,29.477007277734245,29.698027634653062,ROW
2026-04-17,29.933794,33.099325138433095,29.774631348368388,29.850790260693344,ROW
2026-04-18,29.951759,33.099325138433095,29.58169562495012,29.665993825245675,ROW
2026-04-19,29.932865999999997,33.099325138433095,29.002767591441007,29.14027097870797,ROW
2026-04-20,30.598242,33.099325138433095,30.544539817717904,30.59877696175814,ROW
2026-04-21,29.771543,33.099325138433095,30.66364772015555,30.449846226485697,ROW
2026-04-22,29.631873000000002,33.099325138433095,30.140627130309422,30.260442993336618,ROW
2026-04-23,30.817149,33.099325138433095,30.030078610959226,29.630352166402652,ROW
2026-04-24,31.337957,33.099325138433095,30.7437679442081,30.70431723247625,ROW
2026-04-25,30.680672,33.099325138433095,30.911035541923148,30.791243854571263,ROW
2026-04-26,29.169467,33.099325138433095,29.51264219274999,29.21986504098093,ROW
2026-04-27,29.094096,33.099325138433095,29.962283920383573,30.098372183140324,ROW
2026-04-28,29.705869,33.099325138433095,29.631603347739066,29.667358705024554,ROW
2026-04-29,30.327725,33.099325138433095,30.10805570050492,30.284190515119647,ROW
2026-04-30,31.10144,33.099325138433095,30.402377517687793,30.53137684472485,ROW
2026-05-01,29.910631000000002,33.099325138433095,30.928762787246406,30.992284258296884,ROW
2026-05-02,27.907142,33.099325138433095,29.719984490703993,29.449753410915473,ROW
2026-05-03,28.069267,33.099325138433095,27.631151965964253,27.58994407370624,ROW
2026-05-04,28.309732,33.099325138433095,29.355240672278487,29.173706529873513,ROW
2026-05-05,27.649267000000002,33.099325138433095,29.38034499925187,29.257220502819635,ROW
2026-05-06,28.334149000000004,33.099325138433095,29.228215151488303,29.081292991421567,ROW
2026-05-07,29.685831,33.099325138433095,29.367361527945395,29.280372680726945,ROW
2026-05-08,29.404397,33.099325138433095,29.97482506835609,29.641759917264856,ROW
2026-05-09,29.670491,33.099325138433095,28.859433011496925,28.68855369405472,ROW
2026-05-10,28.404821000000002,33.099325138433095,28.63205901363692,28.483158042053272,ROW
2026-05-11,29.145301,33.099325138433095,29.482765661191934,29.62047665667947,ROW
2026-05-12,29.339261,33.099325138433095,29.493881037384977,29.96656936662544,ROW
2026-05-13,29.756453,33.099325138433095,29.928677225677184,30.28021817624139,ROW
2026-05-14,30.516114,33.099325138433095,30.192086846334817,30.634511605611937,ROW
2026-05-15,30.024050000000003,33.099325138433095,30.533437489411735,30.306751363374417,ROW
2026-05-16,29.551785,33.099325138433095,29.697011243957213,29.59287397082766,ROW
2026-05-17,29.340702,33.099325138433095,28.426644917638885,28.098245941075344,ROW
2026-05-18,30.149426,33.099325138433095,30.080561923925316,30.905433363324857,ROW
2026-05-19,29.703937000000003,33.099325138433095,30.577601222083555,31.177683326365194,ROW
2026-05-20,28.793568,33.099325138433095,30.068823347369694,30.345881626264763,ROW
2026-05-21,30.45052,33.099325138433095,29.164016570306927,29.113034662786667,ROW
2026-05-22,30.558861,33.099325138433095,30.583090057230738,30.355482944855126,ROW
2026-05-23,30.080095999999998,33.099325138433095,29.809789470710257,29.608972423908195,ROW
2026-05-24,29.726042,33.099325138433095,29.154406852782778,28.890581675106432,ROW
2026-05-25,30.150907,33.099325138433095,29.954949481554785,30.56364059328539,ROW
2026-05-26,30.140201,33.099325138433095,30.60879035281896,30.460535532245377,ROW
2026-05-27,29.841181,33.099325138433095,30.590609573727612,30.909668675233704,ROW
2026-05-28,30.57797,33.099325138433095,30.056048334185046,29.866171146144232,ROW
2026-05-29,30.999154,33.099325138433095,30.657115405982935,29.953866009823674,ROW
2026-05-30,30.029625000000003,33.099325138433095,31.19246948459828,30.655889890548742,ROW
2026-05-31,29.437832,33.099325138433095,29.4977028933896,29.65038567209026,ROW
